{"ts":1769138425188,"action":"FILE_OPENED","file":"/src/动态规划/subject/线性dp/P1412_经营与开发/Main.java","tags":{"FILE_LINE_OF_CODE":"45"}}
{"ts":1769138425810,"action":"PROJECT_OPENED","tags":{"PROJECT_NAME":"Algorithm"}}
{"ts":1769138440331,"action":"FILE_CLOSED","file":"/src/动态规划/subject/线性dp/P1412_经营与开发/Main.java","tags":{"FILE_LINE_OF_CODE":"45"}}
{"ts":1769138440331,"action":"FILE_OPENED","file":"/src/test.java","tags":{"FILE_LINE_OF_CODE":"3"}}
{"ts":1769138450066,"action":"FILE_OPENED","file":"/src/动态规划/subject/线性dp/P1412_经营与开发/Main.java","tags":{"FILE_LINE_OF_CODE":"45"}}
{"ts":1769138451412,"action":"FILE_CLOSED","file":"/src/动态规划/subject/线性dp/P1412_经营与开发/Main.java","tags":{"FILE_LINE_OF_CODE":"45"}}
{"ts":1769138451412,"action":"FILE_OPENED","file":"/src/算法竞赛备忘录.md","tags":{"FILE_LINE_OF_CODE":"222"}}
{"ts":1769138455683,"action":"FILE_CLOSED","file":"/src/算法竞赛备忘录.md","tags":{"FILE_LINE_OF_CODE":"222"}}
{"ts":1769138471448,"action":"IDE_DEACTIVATED"}
{"ts":1769138471872,"action":"IDE_ACTIVATED"}
{"ts":1769138492374,"action":"FILE_OPENED","file":"/src/Terst.java","tags":{"FILE_LINE_OF_CODE":"3"}}
{"ts":1769138560973,"action":"IDE_DEACTIVATED"}
{"ts":1769138563499,"action":"IDE_ACTIVATED"}
{"ts":1769138564955,"action":"IDE_DEACTIVATED"}
{"ts":1769138566281,"action":"IDE_ACTIVATED"}
{"ts":1769138567270,"action":"IDE_DEACTIVATED"}
{"ts":1769138649301,"action":"IDE_ACTIVATED"}
{"ts":1769138671963,"action":"IDE_DEACTIVATED"}
{"ts":1769138676531,"action":"IDE_ACTIVATED"}
{"ts":1769138681156,"action":"IDE_DEACTIVATED"}
{"ts":1769138686974,"action":"IDE_ACTIVATED"}
{"ts":1769138700052,"action":"IDE_DEACTIVATED"}
{"ts":1769138704421,"action":"IDE_ACTIVATED"}
{"ts":1769138704931,"action":"IDE_DEACTIVATED"}
{"ts":1769138767508,"action":"IDE_ACTIVATED"}
{"ts":1769138767870,"action":"IDE_DEACTIVATED"}
{"ts":1769138827061,"action":"IDE_ACTIVATED"}
{"ts":1769138829928,"action":"IDE_DEACTIVATED"}
{"ts":1769138947446,"action":"IDE_ACTIVATED"}
{"ts":1769138974761,"action":"IDE_DEACTIVATED"}
{"ts":1769139015651,"action":"IDE_ACTIVATED"}
{"ts":1769139018355,"action":"IDE_DEACTIVATED"}
{"ts":1769139081958,"action":"IDE_ACTIVATED"}
{"ts":1769139119043,"action":"FILE_CLOSED","file":"/src/Test.java","tags":{"FILE_LINE_OF_CODE":"56"}}
{"ts":1769139119043,"action":"FILE_OPENED","file":"/src/gc.log","tags":{"FILE_LINE_OF_CODE":"29"}}
{"ts":1769139125553,"action":"FILE_OPENED","file":"/src/Test.java","tags":{"FILE_LINE_OF_CODE":"56"}}
{"ts":1769139170917,"action":"IDE_DEACTIVATED"}
{"ts":1769139185221,"action":"IDE_ACTIVATED"}
{"ts":1769139185458,"action":"IDE_DEACTIVATED"}
{"ts":1769139190070,"action":"IDE_ACTIVATED"}
{"ts":1769139198053,"action":"IDE_DEACTIVATED"}
{"ts":1769139238483,"action":"IDE_ACTIVATED"}
{"ts":1769139249366,"action":"IDE_DEACTIVATED"}
{"ts":1769139261590,"action":"IDE_ACTIVATED"}
{"ts":1769139272520,"action":"IDE_DEACTIVATED"}
{"ts":1769139276968,"action":"IDE_ACTIVATED"}
{"ts":1769139329367,"action":"IDE_DEACTIVATED"}
{"ts":1769139340651,"action":"IDE_ACTIVATED"}
{"ts":1769139349474,"action":"IDE_DEACTIVATED"}
{"ts":1769139352164,"action":"IDE_ACTIVATED"}
{"ts":1769139359434,"action":"IDE_DEACTIVATED"}
{"ts":1769139365172,"action":"IDE_ACTIVATED"}
{"ts":1769139368221,"action":"IDE_DEACTIVATED"}
{"ts":1769139372133,"action":"IDE_ACTIVATED"}
{"ts":1769139374933,"action":"IDE_DEACTIVATED"}
{"ts":1769139386285,"action":"IDE_ACTIVATED"}
{"ts":1769139390707,"action":"IDE_DEACTIVATED"}
{"ts":1769139404592,"action":"IDE_ACTIVATED"}
{"ts":1769139405801,"action":"IDE_DEACTIVATED"}
{"ts":1769139553208,"action":"IDE_ACTIVATED"}
{"ts":1769139555333,"action":"IDE_DEACTIVATED"}
{"ts":1769140254727,"action":"IDE_ACTIVATED"}
{"ts":1769140255865,"action":"IDE_DEACTIVATED"}
{"ts":1769142187599,"action":"IDE_ACTIVATED"}
{"ts":1769142191346,"action":"IDE_DEACTIVATED"}
{"ts":1769142194233,"action":"IDE_ACTIVATED"}
{"ts":1769142223785,"action":"IDE_DEACTIVATED"}
{"ts":1769142231059,"action":"IDE_ACTIVATED"}
{"ts":1769142233825,"action":"IDE_DEACTIVATED"}
{"ts":1769142235477,"action":"IDE_ACTIVATED"}
{"ts":1769142241116,"action":"IDE_DEACTIVATED"}
{"ts":1769142243079,"action":"IDE_ACTIVATED"}
{"ts":1769142245119,"action":"IDE_DEACTIVATED"}
{"ts":1769142299781,"action":"IDE_ACTIVATED"}
{"ts":1769142301636,"action":"IDE_DEACTIVATED"}
{"ts":1769142303478,"action":"IDE_ACTIVATED"}
{"ts":1769142317203,"action":"IDE_DEACTIVATED"}
{"ts":1769142319284,"action":"IDE_ACTIVATED"}
{"ts":1769142320531,"action":"IDE_DEACTIVATED"}
{"ts":1769146269532,"action":"IDE_ACTIVATED"}
{"ts":1769146269928,"action":"IDE_DEACTIVATED"}
{"ts":1769147980258,"action":"IDE_ACTIVATED"}
{"ts":1769149169933,"action":"IDE_DEACTIVATED"}
{"ts":1769149953767,"action":"IDE_ACTIVATED"}
{"ts":1769149955324,"action":"PROJECT_CLOSED","tags":{"PROJECT_NAME":"Algorithm"}}
{"ts":1769224348409,"action":"FILE_OPENED","file":"/src/Test.java","tags":{"FILE_LINE_OF_CODE":"26"}}
{"ts":1769224348982,"action":"PROJECT_OPENED","tags":{"PROJECT_NAME":"Algorithm"}}
{"ts":1769224365816,"action":"IDE_DEACTIVATED"}
{"ts":1769224368814,"action":"IDE_ACTIVATED"}
{"ts":1769224370365,"action":"IDE_DEACTIVATED"}
{"ts":1769227961670,"action":"IDE_ACTIVATED"}
{"ts":1769227965931,"action":"IDE_DEACTIVATED"}
{"ts":1769227992826,"action":"IDE_ACTIVATED"}
{"ts":1769227993197,"action":"IDE_DEACTIVATED"}
{"ts":1769229318911,"action":"IDE_ACTIVATED"}
{"ts":1769229324304,"action":"PROJECT_CLOSED","tags":{"PROJECT_NAME":"Algorithm"}}
{"ts":1769235084146,"action":"FILE_OPENED","file":"/src/Test.java","tags":{"FILE_LINE_OF_CODE":"26"}}
{"ts":1769235085626,"action":"PROJECT_OPENED","tags":{"PROJECT_NAME":"Algorithm"}}
{"ts":1769235094864,"action":"PROJECT_CLOSED","tags":{"PROJECT_NAME":"Algorithm"}}
{"ts":1770184110446,"action":"FILE_OPENED","file":"/src/Test.java","tags":{"FILE_LINE_OF_CODE":"26"}}
{"ts":1770184110624,"action":"PROJECT_OPENED","tags":{"PROJECT_NAME":"Algorithm"}}
{"ts":1770184128735,"action":"IDE_DEACTIVATED"}
{"ts":1770185031055,"action":"IDE_ACTIVATED"}
{"ts":1770185031287,"action":"IDE_DEACTIVATED"}
{"ts":1770185659372,"action":"IDE_ACTIVATED"}
{"ts":1770185660231,"action":"IDE_DEACTIVATED"}
{"ts":1770186343126,"action":"IDE_ACTIVATED"}
{"ts":1770186345677,"action":"PROJECT_CLOSED","tags":{"PROJECT_NAME":"Algorithm"}}
{"ts":1770198453042,"action":"FILE_OPENED","file":"/src/Test.java","tags":{"FILE_LINE_OF_CODE":"26"}}
{"ts":1770198453914,"action":"PROJECT_OPENED","tags":{"PROJECT_NAME":"Algorithm"}}
{"ts":1770198596040,"action":"IDE_DEACTIVATED"}
{"ts":1770198598645,"action":"IDE_ACTIVATED"}
{"ts":1770198609563,"action":"IDE_DEACTIVATED"}
{"ts":1770198610848,"action":"IDE_ACTIVATED"}
{"ts":1770198612755,"action":"IDE_DEACTIVATED"}
{"ts":1770198657774,"action":"IDE_ACTIVATED"}
{"ts":1770198659699,"action":"FILE_CLOSED","file":"/src/Test.java","tags":{"FILE_LINE_OF_CODE":"16"}}
{"ts":1770198659699,"action":"FILE_OPENED","file":"/src/数据结构/Java容器/Map/使用/LinkedHashMap_Use.java","tags":{"FILE_LINE_OF_CODE":"207"}}
{"ts":1770198660894,"action":"FILE_CLOSED","file":"/src/数据结构/Java容器/Map/使用/LinkedHashMap_Use.java","tags":{"FILE_LINE_OF_CODE":"207"}}
{"ts":1770198666443,"action":"IDE_DEACTIVATED"}
{"ts":1770199003478,"action":"IDE_ACTIVATED"}
{"ts":1770199015671,"action":"FILE_OPENED","file":"/src/数据结构/Java容器/List/源码/ArrayList_source.java","tags":{"FILE_LINE_OF_CODE":"451"}}
{"ts":1770199021697,"action":"IDE_DEACTIVATED"}
{"ts":1770199022178,"action":"IDE_ACTIVATED"}
{"ts":1770199032136,"action":"FILE_CLOSED","file":"/src/数据结构/Java容器/List/源码/ArrayList_source.java","tags":{"FILE_LINE_OF_CODE":"451"}}
{"ts":1770199058498,"action":"IDE_DEACTIVATED"}
{"ts":1770199059746,"action":"IDE_ACTIVATED"}
{"ts":1770199063491,"action":"IDE_DEACTIVATED"}
{"ts":1770199067329,"action":"IDE_ACTIVATED"}
{"ts":1770199069622,"action":"IDE_DEACTIVATED"}
{"ts":1770199386445,"action":"IDE_ACTIVATED"}
{"ts":1770199388000,"action":"IDE_DEACTIVATED"}
{"ts":1770199391341,"action":"IDE_ACTIVATED"}
{"ts":1770199392545,"action":"IDE_DEACTIVATED"}
{"ts":1770199520349,"action":"IDE_ACTIVATED"}
{"ts":1770199523363,"action":"IDE_DEACTIVATED"}
{"ts":1770199525265,"action":"IDE_ACTIVATED"}
{"ts":1770199528577,"action":"IDE_DEACTIVATED"}
{"ts":1770199811834,"action":"IDE_ACTIVATED"}
{"ts":1770199815178,"action":"IDE_DEACTIVATED"}
{"ts":1770199817300,"action":"IDE_ACTIVATED"}
{"ts":1770199818643,"action":"IDE_DEACTIVATED"}
{"ts":1770199863371,"action":"IDE_ACTIVATED"}
{"ts":1770199867119,"action":"IDE_DEACTIVATED"}
{"ts":1770199868715,"action":"IDE_ACTIVATED"}
{"ts":1770199873358,"action":"IDE_DEACTIVATED"}
{"ts":1770199875588,"action":"IDE_ACTIVATED"}
{"ts":1770199876114,"action":"IDE_DEACTIVATED"}
{"ts":1770199877866,"action":"IDE_ACTIVATED"}
{"ts":1770199879293,"action":"IDE_DEACTIVATED"}
{"ts":1770200087904,"action":"IDE_ACTIVATED"}
{"ts":1770200089250,"action":"IDE_DEACTIVATED"}
{"ts":1770200091575,"action":"IDE_ACTIVATED"}
{"ts":1770200101705,"action":"IDE_DEACTIVATED"}
{"ts":1770200104702,"action":"IDE_ACTIVATED"}
{"ts":1770200107272,"action":"IDE_DEACTIVATED"}
{"ts":1770200188843,"action":"IDE_ACTIVATED"}
{"ts":1770200214164,"action":"IDE_DEACTIVATED"}
{"ts":1770200216726,"action":"IDE_ACTIVATED"}
{"ts":1770200218602,"action":"IDE_DEACTIVATED"}
{"ts":1770200221042,"action":"IDE_ACTIVATED"}
{"ts":1770200222130,"action":"IDE_DEACTIVATED"}
{"ts":1770200223462,"action":"IDE_ACTIVATED"}
{"ts":1770200225275,"action":"IDE_DEACTIVATED"}
{"ts":1770200227119,"action":"IDE_ACTIVATED"}
{"ts":1770200227687,"action":"IDE_DEACTIVATED"}
{"ts":1770200228060,"action":"IDE_ACTIVATED"}
{"ts":1770200228610,"action":"IDE_DEACTIVATED"}
{"ts":1770200244534,"action":"IDE_ACTIVATED"}
{"ts":1770200246003,"action":"IDE_DEACTIVATED"}
{"ts":1770200256566,"action":"IDE_ACTIVATED"}
{"ts":1770200258255,"action":"IDE_DEACTIVATED"}
{"ts":1770200261875,"action":"IDE_ACTIVATED"}
{"ts":1770200267516,"action":"IDE_DEACTIVATED"}
{"ts":1770200268475,"action":"IDE_ACTIVATED"}
{"ts":1770200270109,"action":"IDE_DEACTIVATED"}
{"ts":1770200274428,"action":"IDE_ACTIVATED"}
{"ts":1770200275472,"action":"IDE_DEACTIVATED"}
{"ts":1770200287235,"action":"IDE_ACTIVATED"}
{"ts":1770200288386,"action":"IDE_DEACTIVATED"}
{"ts":1770200333396,"action":"IDE_ACTIVATED"}
{"ts":1770200334660,"action":"PROJECT_CLOSED","tags":{"PROJECT_NAME":"Algorithm"}}
{"ts":1770207530809,"action":"PROJECT_OPENED","tags":{"PROJECT_NAME":"Algorithm"}}
{"ts":1770207618808,"action":"IDE_DEACTIVATED"}
{"ts":1770207679940,"action":"IDE_ACTIVATED"}
{"ts":1770207693509,"action":"FILE_OPENED","file":"/src/数据结构/Java容器/List/Main.java","tags":{"FILE_LINE_OF_CODE":"601"}}
{"ts":1770207697245,"action":"FILE_CLOSED","file":"/src/数据结构/Java容器/List/Main.java","tags":{"FILE_LINE_OF_CODE":"601"}}
{"ts":1770207700426,"action":"IDE_DEACTIVATED"}
{"ts":1770207701706,"action":"IDE_ACTIVATED"}
{"ts":1770207701865,"action":"IDE_DEACTIVATED"}
{"ts":1770207715786,"action":"IDE_ACTIVATED"}
{"ts":1770207722592,"action":"IDE_DEACTIVATED"}
{"ts":1770207735060,"action":"IDE_ACTIVATED"}
{"ts":1770207736272,"action":"IDE_DEACTIVATED"}
{"ts":1770207806788,"action":"IDE_ACTIVATED"}
{"ts":1770207812353,"action":"IDE_DEACTIVATED"}
{"ts":1770207814583,"action":"IDE_ACTIVATED"}
{"ts":1770207815066,"action":"IDE_DEACTIVATED"}
{"ts":1770207840714,"action":"IDE_ACTIVATED"}
{"ts":1770207850399,"action":"IDE_DEACTIVATED"}
{"ts":1770207854790,"action":"IDE_ACTIVATED"}
{"ts":1770207862024,"action":"IDE_DEACTIVATED"}
{"ts":1770207863930,"action":"IDE_ACTIVATED"}
{"ts":1770207866215,"action":"IDE_DEACTIVATED"}
{"ts":1770207892013,"action":"IDE_ACTIVATED"}
{"ts":1770207895607,"action":"IDE_DEACTIVATED"}
{"ts":1770207898760,"action":"IDE_ACTIVATED"}
{"ts":1770207904725,"action":"IDE_DEACTIVATED"}
{"ts":1770207906442,"action":"IDE_ACTIVATED"}
{"ts":1770207906888,"action":"IDE_DEACTIVATED"}
{"ts":1770208150305,"action":"IDE_ACTIVATED"}
{"ts":1770208161146,"action":"IDE_DEACTIVATED"}
{"ts":1770208163414,"action":"IDE_ACTIVATED"}
{"ts":1770208163663,"action":"IDE_DEACTIVATED"}
{"ts":1770208165594,"action":"IDE_ACTIVATED"}
{"ts":1770208166092,"action":"IDE_DEACTIVATED"}
{"ts":1770208167624,"action":"IDE_ACTIVATED"}
{"ts":1770208173394,"action":"IDE_DEACTIVATED"}
{"ts":1770208175804,"action":"IDE_ACTIVATED"}
{"ts":1770208178163,"action":"IDE_DEACTIVATED"}
{"ts":1770208180084,"action":"IDE_ACTIVATED"}
{"ts":1770208181429,"action":"IDE_DEACTIVATED"}
{"ts":1770208182250,"action":"IDE_ACTIVATED"}
{"ts":1770208187450,"action":"IDE_DEACTIVATED"}
{"ts":1770208273852,"action":"IDE_ACTIVATED"}
{"ts":1770208280594,"action":"IDE_DEACTIVATED"}
{"ts":1770208309419,"action":"IDE_ACTIVATED"}
{"ts":1770208318063,"action":"IDE_DEACTIVATED"}
{"ts":1770208474864,"action":"IDE_ACTIVATED"}
{"ts":1770208499651,"action":"IDE_DEACTIVATED"}
{"ts":1770208500248,"action":"IDE_ACTIVATED"}
{"ts":1770208501132,"action":"IDE_DEACTIVATED"}
{"ts":1770208502065,"action":"IDE_ACTIVATED"}
{"ts":1770208505703,"action":"IDE_DEACTIVATED"}
{"ts":1770208517340,"action":"IDE_ACTIVATED"}
{"ts":1770208518155,"action":"IDE_DEACTIVATED"}
{"ts":1770208526562,"action":"IDE_ACTIVATED"}
{"ts":1770208528317,"action":"IDE_DEACTIVATED"}
{"ts":1770208552782,"action":"IDE_ACTIVATED"}
{"ts":1770208552955,"action":"IDE_DEACTIVATED"}
{"ts":1770208792586,"action":"IDE_ACTIVATED"}
{"ts":1770208794153,"action":"IDE_DEACTIVATED"}
{"ts":1770208826208,"action":"IDE_ACTIVATED"}
{"ts":1770208849016,"action":"IDE_DEACTIVATED"}
{"ts":1770208894963,"action":"IDE_ACTIVATED"}
{"ts":1770208898013,"action":"IDE_DEACTIVATED"}
{"ts":1770208900915,"action":"IDE_ACTIVATED"}
{"ts":1770208908117,"action":"IDE_DEACTIVATED"}
{"ts":1770208909933,"action":"IDE_ACTIVATED"}
{"ts":1770208912350,"action":"IDE_DEACTIVATED"}
{"ts":1770208913698,"action":"IDE_ACTIVATED"}
{"ts":1770208930224,"action":"IDE_DEACTIVATED"}
{"ts":1770208932194,"action":"IDE_ACTIVATED"}
{"ts":1770208960666,"action":"IDE_DEACTIVATED"}
{"ts":1770209354486,"action":"IDE_ACTIVATED"}
{"ts":1770209365472,"action":"IDE_DEACTIVATED"}
{"ts":1770209371393,"action":"IDE_ACTIVATED"}
{"ts":1770209372265,"action":"IDE_DEACTIVATED"}
{"ts":1770209493412,"action":"IDE_ACTIVATED"}
{"ts":1770209503589,"action":"IDE_DEACTIVATED"}
{"ts":1770209513427,"action":"IDE_ACTIVATED"}
{"ts":1770209514733,"action":"IDE_DEACTIVATED"}
{"ts":1770209700435,"action":"IDE_ACTIVATED"}
{"ts":1770209704171,"action":"FILE_OPENED","file":"/src/数据结构/Java容器/List/使用/LinkedList_Use.java","tags":{"FILE_LINE_OF_CODE":"221"}}
{"ts":1770209709804,"action":"FILE_CLOSED","file":"/src/数据结构/Java容器/List/使用/LinkedList_Use.java","tags":{"FILE_LINE_OF_CODE":"221"}}
{"ts":1770209712655,"action":"IDE_DEACTIVATED"}
{"ts":1770209958217,"action":"IDE_ACTIVATED"}
{"ts":1770209958722,"action":"IDE_DEACTIVATED"}
{"ts":1770210096571,"action":"IDE_ACTIVATED"}
{"ts":1770210097903,"action":"IDE_DEACTIVATED"}
{"ts":1770210099517,"action":"IDE_ACTIVATED"}
{"ts":1770210101111,"action":"IDE_DEACTIVATED"}
{"ts":1770210190153,"action":"IDE_ACTIVATED"}
{"ts":1770210196186,"action":"IDE_DEACTIVATED"}
{"ts":1770223994331,"action":"IDE_ACTIVATED"}
{"ts":1770224001958,"action":"IDE_DEACTIVATED"}
{"ts":1770224003728,"action":"IDE_ACTIVATED"}
{"ts":1770224004941,"action":"IDE_DEACTIVATED"}
{"ts":1770224087548,"action":"IDE_ACTIVATED"}
{"ts":1770224089461,"action":"IDE_DEACTIVATED"}
{"ts":1770224092119,"action":"IDE_ACTIVATED"}
{"ts":1770224092952,"action":"IDE_DEACTIVATED"}
{"ts":1770224097962,"action":"IDE_ACTIVATED"}
{"ts":1770224098868,"action":"IDE_DEACTIVATED"}
{"ts":1770224100156,"action":"IDE_ACTIVATED"}
{"ts":1770224101464,"action":"IDE_DEACTIVATED"}
{"ts":1770224107445,"action":"IDE_ACTIVATED"}
{"ts":1770224113972,"action":"IDE_DEACTIVATED"}
{"ts":1770224114910,"action":"IDE_ACTIVATED"}
{"ts":1770224124191,"action":"IDE_DEACTIVATED"}
{"ts":1770224143154,"action":"IDE_ACTIVATED"}
{"ts":1770224144005,"action":"IDE_DEACTIVATED"}
{"ts":1770224173481,"action":"IDE_ACTIVATED"}
{"ts":1770224174991,"action":"IDE_DEACTIVATED"}
{"ts":1770224176298,"action":"IDE_ACTIVATED"}
{"ts":1770224178134,"action":"IDE_DEACTIVATED"}
{"ts":1770224188370,"action":"IDE_ACTIVATED"}
{"ts":1770224192512,"action":"IDE_DEACTIVATED"}
{"ts":1770224632208,"action":"IDE_ACTIVATED"}
{"ts":1770224638843,"action":"IDE_DEACTIVATED"}
{"ts":1770224640032,"action":"IDE_ACTIVATED"}
{"ts":1770224640290,"action":"IDE_DEACTIVATED"}
{"ts":1770224641347,"action":"IDE_ACTIVATED"}
{"ts":1770224642289,"action":"IDE_DEACTIVATED"}
{"ts":1770224645250,"action":"IDE_ACTIVATED"}
{"ts":1770224649358,"action":"IDE_DEACTIVATED"}
{"ts":1770224650908,"action":"IDE_ACTIVATED"}
{"ts":1770224652499,"action":"IDE_DEACTIVATED"}
{"ts":1770224693671,"action":"IDE_ACTIVATED"}
{"ts":1770224703980,"action":"IDE_DEACTIVATED"}
{"ts":1770224706193,"action":"IDE_ACTIVATED"}
{"ts":1770224712167,"action":"IDE_DEACTIVATED"}
{"ts":1770224737540,"action":"IDE_ACTIVATED"}
{"ts":1770224739150,"action":"IDE_DEACTIVATED"}
{"ts":1770224739878,"action":"IDE_ACTIVATED"}
{"ts":1770224741390,"action":"IDE_DEACTIVATED"}
{"ts":1770224892743,"action":"IDE_ACTIVATED"}
{"ts":1770224894970,"action":"IDE_DEACTIVATED"}
{"ts":1770224896222,"action":"IDE_ACTIVATED"}
{"ts":1770224897051,"action":"IDE_DEACTIVATED"}
{"ts":1770224929631,"action":"IDE_ACTIVATED"}
{"ts":1770224936073,"action":"IDE_DEACTIVATED"}
{"ts":1770225193055,"action":"IDE_ACTIVATED"}
{"ts":1770225195589,"action":"IDE_DEACTIVATED"}
{"ts":1770225414345,"action":"IDE_ACTIVATED"}
{"ts":1770225425377,"action":"IDE_DEACTIVATED"}
{"ts":1770225426763,"action":"IDE_ACTIVATED"}
{"ts":1770225440223,"action":"IDE_DEACTIVATED"}
{"ts":1770225442288,"action":"IDE_ACTIVATED"}
{"ts":1770225442921,"action":"IDE_DEACTIVATED"}
{"ts":1770225453812,"action":"IDE_ACTIVATED"}
{"ts":1770225455244,"action":"IDE_DEACTIVATED"}
{"ts":1770225462896,"action":"IDE_ACTIVATED"}
{"ts":1770225466435,"action":"IDE_DEACTIVATED"}
{"ts":1770225467557,"action":"IDE_ACTIVATED"}
{"ts":1770225471703,"action":"IDE_DEACTIVATED"}
{"ts":1770225474855,"action":"IDE_ACTIVATED"}
{"ts":1770225475214,"action":"IDE_DEACTIVATED"}
{"ts":1770225486779,"action":"IDE_ACTIVATED"}
{"ts":1770225488316,"action":"IDE_DEACTIVATED"}
{"ts":1770225517488,"action":"IDE_ACTIVATED"}
{"ts":1770225522658,"action":"FILE_OPENED","file":"/src/数据结构/Java容器/List/使用/LinkedList_Use.java","tags":{"FILE_LINE_OF_CODE":"221"}}
{"ts":1770225524794,"action":"FILE_CLOSED","file":"/src/数据结构/Java容器/List/使用/LinkedList_Use.java","tags":{"FILE_LINE_OF_CODE":"221"}}
{"ts":1770225529460,"action":"IDE_DEACTIVATED"}
{"ts":1770225531500,"action":"IDE_ACTIVATED"}
{"ts":1770225541964,"action":"IDE_DEACTIVATED"}
{"ts":1770225543901,"action":"IDE_ACTIVATED"}
{"ts":1770225546010,"action":"IDE_DEACTIVATED"}
{"ts":1770225562075,"action":"IDE_ACTIVATED"}
{"ts":1770225562942,"action":"IDE_DEACTIVATED"}
{"ts":1770225577538,"action":"IDE_ACTIVATED"}
{"ts":1770225591097,"action":"IDE_DEACTIVATED"}
{"ts":1770225591739,"action":"IDE_ACTIVATED"}
{"ts":1770225594726,"action":"IDE_DEACTIVATED"}
{"ts":1770225627567,"action":"IDE_ACTIVATED"}
{"ts":1770225632780,"action":"IDE_DEACTIVATED"}
{"ts":1770225634247,"action":"IDE_ACTIVATED"}
{"ts":1770225636429,"action":"IDE_DEACTIVATED"}
{"ts":1770225645063,"action":"IDE_ACTIVATED"}
{"ts":1770225647216,"action":"IDE_DEACTIVATED"}
{"ts":1770225649195,"action":"IDE_ACTIVATED"}
{"ts":1770225650644,"action":"IDE_DEACTIVATED"}
{"ts":1770225679237,"action":"IDE_ACTIVATED"}
{"ts":1770225687417,"action":"IDE_DEACTIVATED"}
{"ts":1770225698406,"action":"IDE_ACTIVATED"}
{"ts":1770225703067,"action":"IDE_DEACTIVATED"}
{"ts":1770225719507,"action":"IDE_ACTIVATED"}
{"ts":1770225720747,"action":"IDE_DEACTIVATED"}
{"ts":1770225907356,"action":"IDE_ACTIVATED"}
{"ts":1770225907871,"action":"IDE_DEACTIVATED"}
{"ts":1770225916495,"action":"IDE_ACTIVATED"}
{"ts":1770225920756,"action":"IDE_DEACTIVATED"}
{"ts":1770225925625,"action":"IDE_ACTIVATED"}
{"ts":1770225938959,"action":"IDE_DEACTIVATED"}
{"ts":1770228600522,"action":"IDE_ACTIVATED"}
{"ts":1770228612837,"action":"PROJECT_CLOSED","tags":{"PROJECT_NAME":"Algorithm"}}
{"ts":1770271191693,"action":"IDE_ACTIVATED"}
{"ts":1770271192786,"action":"IDE_DEACTIVATED"}
{"ts":1770271195296,"action":"PROJECT_OPENED","tags":{"PROJECT_NAME":"Algorithm"}}
{"ts":1770271262416,"action":"IDE_ACTIVATED"}
{"ts":1770271268172,"action":"FILE_OPENED","file":"/src/数据结构/Java容器/Set/使用/HashSet_Use.java","tags":{"FILE_LINE_OF_CODE":"288"}}
{"ts":1770271272250,"action":"FILE_CLOSED","file":"/src/数据结构/Java容器/Set/使用/HashSet_Use.java","tags":{"FILE_LINE_OF_CODE":"288"}}
{"ts":1770271272896,"action":"IDE_DEACTIVATED"}
{"ts":1770271334522,"action":"IDE_ACTIVATED"}
{"ts":1770271336947,"action":"IDE_DEACTIVATED"}
{"ts":1770271388617,"action":"IDE_ACTIVATED"}
{"ts":1770271389705,"action":"IDE_DEACTIVATED"}
{"ts":1770272364775,"action":"IDE_ACTIVATED"}
{"ts":1770272366739,"action":"IDE_DEACTIVATED"}
{"ts":1770272369659,"action":"IDE_ACTIVATED"}
{"ts":1770272370485,"action":"IDE_DEACTIVATED"}
{"ts":1770272372938,"action":"IDE_ACTIVATED"}
{"ts":1770272373155,"action":"IDE_DEACTIVATED"}
{"ts":1770272374554,"action":"IDE_ACTIVATED"}
{"ts":1770272378288,"action":"IDE_DEACTIVATED"}
{"ts":1770272386213,"action":"IDE_ACTIVATED"}
{"ts":1770272387104,"action":"IDE_DEACTIVATED"}
{"ts":1770272397706,"action":"IDE_ACTIVATED"}
{"ts":1770272398889,"action":"IDE_DEACTIVATED"}
{"ts":1770272438547,"action":"IDE_ACTIVATED"}
{"ts":1770272458665,"action":"IDE_DEACTIVATED"}
{"ts":1770272473428,"action":"IDE_ACTIVATED"}
{"ts":1770272482605,"action":"IDE_DEACTIVATED"}
{"ts":1770272485082,"action":"IDE_ACTIVATED"}
{"ts":1770272486187,"action":"IDE_DEACTIVATED"}
{"ts":1770272515720,"action":"IDE_ACTIVATED"}
{"ts":1770272519002,"action":"IDE_DEACTIVATED"}
{"ts":1770272522827,"action":"IDE_ACTIVATED"}
{"ts":1770272523954,"action":"IDE_DEACTIVATED"}
{"ts":1770272575397,"action":"IDE_ACTIVATED"}
{"ts":1770272581901,"action":"IDE_DEACTIVATED"}
{"ts":1770272583260,"action":"IDE_ACTIVATED"}
{"ts":1770272587282,"action":"IDE_DEACTIVATED"}
{"ts":1770272616788,"action":"IDE_ACTIVATED"}
{"ts":1770272618915,"action":"IDE_DEACTIVATED"}
{"ts":1770272620631,"action":"IDE_ACTIVATED"}
{"ts":1770272627777,"action":"IDE_DEACTIVATED"}
{"ts":1770272642454,"action":"IDE_ACTIVATED"}
{"ts":1770272645504,"action":"IDE_DEACTIVATED"}
{"ts":1770272648069,"action":"IDE_ACTIVATED"}
{"ts":1770272650337,"action":"IDE_DEACTIVATED"}
{"ts":1770272652234,"action":"IDE_ACTIVATED"}
{"ts":1770272655572,"action":"IDE_DEACTIVATED"}
{"ts":1770272700838,"action":"IDE_ACTIVATED"}
{"ts":1770272702749,"action":"IDE_DEACTIVATED"}
{"ts":1770272706613,"action":"IDE_ACTIVATED"}
{"ts":1770272708426,"action":"IDE_DEACTIVATED"}
{"ts":1770272784347,"action":"IDE_ACTIVATED"}
{"ts":1770272786346,"action":"IDE_DEACTIVATED"}
{"ts":1770272794245,"action":"IDE_ACTIVATED"}
{"ts":1770272795506,"action":"IDE_DEACTIVATED"}
{"ts":1770272802179,"action":"IDE_ACTIVATED"}
{"ts":1770272803541,"action":"IDE_DEACTIVATED"}
{"ts":1770272851185,"action":"IDE_ACTIVATED"}
{"ts":1770272852731,"action":"IDE_DEACTIVATED"}
{"ts":1770272853484,"action":"IDE_ACTIVATED"}
{"ts":1770272854666,"action":"IDE_DEACTIVATED"}
{"ts":1770272856354,"action":"IDE_ACTIVATED"}
{"ts":1770272857469,"action":"IDE_DEACTIVATED"}
{"ts":1770272951325,"action":"IDE_ACTIVATED"}
{"ts":1770272962756,"action":"IDE_DEACTIVATED"}
{"ts":1770272967645,"action":"IDE_ACTIVATED"}
{"ts":1770272968937,"action":"IDE_DEACTIVATED"}
{"ts":1770273068632,"action":"IDE_ACTIVATED"}
{"ts":1770273079091,"action":"IDE_DEACTIVATED"}
{"ts":1770273084259,"action":"IDE_ACTIVATED"}
{"ts":1770273085538,"action":"IDE_DEACTIVATED"}
{"ts":1770273264575,"action":"IDE_ACTIVATED"}
{"ts":1770273273504,"action":"IDE_DEACTIVATED"}
{"ts":1770273276458,"action":"IDE_ACTIVATED"}
{"ts":1770273283743,"action":"FILE_OPENED","file":"/src/数据结构/Java容器/List/Main.java","tags":{"FILE_LINE_OF_CODE":"601"}}
{"ts":1770273284563,"action":"FILE_CLOSED","file":"/src/数据结构/Java容器/List/Main.java","tags":{"FILE_LINE_OF_CODE":"601"}}
{"ts":1770273287464,"action":"IDE_DEACTIVATED"}
{"ts":1770273481357,"action":"IDE_ACTIVATED"}
{"ts":1770273489751,"action":"IDE_DEACTIVATED"}
{"ts":1770273491085,"action":"IDE_ACTIVATED"}
{"ts":1770273492522,"action":"IDE_DEACTIVATED"}
{"ts":1770273680432,"action":"IDE_ACTIVATED"}
{"ts":1770273685615,"action":"IDE_DEACTIVATED"}
{"ts":1770273695707,"action":"IDE_ACTIVATED"}
{"ts":1770273703544,"action":"IDE_DEACTIVATED"}
{"ts":1770273707849,"action":"IDE_ACTIVATED"}
{"ts":1770273709543,"action":"IDE_DEACTIVATED"}
{"ts":1770273714337,"action":"IDE_ACTIVATED"}
{"ts":1770273725990,"action":"IDE_DEACTIVATED"}
{"ts":1770274054315,"action":"IDE_ACTIVATED"}
{"ts":1770274058277,"action":"IDE_DEACTIVATED"}
{"ts":1770274059402,"action":"IDE_ACTIVATED"}
{"ts":1770274062708,"action":"IDE_DEACTIVATED"}
{"ts":1770274064679,"action":"IDE_ACTIVATED"}
{"ts":1770274068032,"action":"IDE_DEACTIVATED"}
{"ts":1770274069952,"action":"IDE_ACTIVATED"}
{"ts":1770274071107,"action":"IDE_DEACTIVATED"}
{"ts":1770274264410,"action":"IDE_ACTIVATED"}
{"ts":1770274268605,"action":"IDE_DEACTIVATED"}
{"ts":1770274270513,"action":"IDE_ACTIVATED"}
{"ts":1770274272202,"action":"IDE_DEACTIVATED"}
{"ts":1770274273654,"action":"IDE_ACTIVATED"}
{"ts":1770274277175,"action":"IDE_DEACTIVATED"}
{"ts":1770274278883,"action":"IDE_ACTIVATED"}
{"ts":1770274283113,"action":"IDE_DEACTIVATED"}
{"ts":1770274291218,"action":"IDE_ACTIVATED"}
{"ts":1770274295371,"action":"IDE_DEACTIVATED"}
{"ts":1770274322326,"action":"IDE_ACTIVATED"}
{"ts":1770274340197,"action":"IDE_DEACTIVATED"}
{"ts":1770274341500,"action":"IDE_ACTIVATED"}
{"ts":1770274342495,"action":"IDE_DEACTIVATED"}
{"ts":1770274778860,"action":"IDE_ACTIVATED"}
{"ts":1770274779253,"action":"IDE_DEACTIVATED"}
{"ts":1770275702761,"action":"IDE_ACTIVATED"}
{"ts":1770275705089,"action":"PROJECT_CLOSED","tags":{"PROJECT_NAME":"Algorithm"}}
{"ts":1770307879387,"action":"PROJECT_OPENED","tags":{"PROJECT_NAME":"Algorithm"}}
{"ts":1770307947285,"action":"IDE_DEACTIVATED"}
{"ts":1770307949465,"action":"IDE_ACTIVATED"}
{"ts":1770307954156,"action":"FILE_OPENED","file":"/src/数学/subject/P12255_蓝桥杯2024国JavaB_园丁/Main2.java","tags":{"FILE_LINE_OF_CODE":"127"}}
{"ts":1770307955603,"action":"FILE_CLOSED","file":"/src/数学/subject/P12255_蓝桥杯2024国JavaB_园丁/Main2.java","tags":{"FILE_LINE_OF_CODE":"127"}}
{"ts":1770307960826,"action":"IDE_DEACTIVATED"}
{"ts":1770307962364,"action":"IDE_ACTIVATED"}
{"ts":1770307962958,"action":"IDE_DEACTIVATED"}
{"ts":1770307963751,"action":"IDE_ACTIVATED"}
{"ts":1770307965109,"action":"IDE_DEACTIVATED"}
{"ts":1770308657752,"action":"IDE_ACTIVATED"}
{"ts":1770308672736,"action":"IDE_DEACTIVATED"}
{"ts":1770308715434,"action":"IDE_ACTIVATED"}
{"ts":1770308720048,"action":"IDE_DEACTIVATED"}
{"ts":1770308733208,"action":"IDE_ACTIVATED"}
{"ts":1770308741521,"action":"IDE_DEACTIVATED"}
{"ts":1770310089718,"action":"IDE_ACTIVATED"}
{"ts":1770310095854,"action":"IDE_DEACTIVATED"}
{"ts":1770310124297,"action":"IDE_ACTIVATED"}
{"ts":1770310135939,"action":"IDE_DEACTIVATED"}
{"ts":1770310136554,"action":"IDE_ACTIVATED"}
{"ts":1770310142342,"action":"IDE_DEACTIVATED"}
{"ts":1770312248486,"action":"IDE_ACTIVATED"}
{"ts":1770312256041,"action":"PROJECT_CLOSED","tags":{"PROJECT_NAME":"Algorithm"}}
{"ts":1770394918499,"action":"PROJECT_OPENED","tags":{"PROJECT_NAME":"Algorithm"}}
{"ts":1770394918607,"action":"IDE_ACTIVATED"}
{"ts":1770394925311,"action":"FILE_OPENED","file":"/src/Test.java","tags":{"FILE_LINE_OF_CODE":"16"}}
{"ts":1770394941197,"action":"IDE_DEACTIVATED"}
{"ts":1770394942825,"action":"IDE_ACTIVATED"}
{"ts":1770394945466,"action":"PROJECT_CLOSED","tags":{"PROJECT_NAME":"Algorithm"}}
{"ts":1770432786380,"action":"FILE_OPENED","file":"/src/Test.java","tags":{"FILE_LINE_OF_CODE":"21"}}
{"ts":1770432787650,"action":"PROJECT_OPENED","tags":{"PROJECT_NAME":"Algorithm"}}
{"ts":1770432968574,"action":"IDE_DEACTIVATED"}
{"ts":1770432971299,"action":"IDE_ACTIVATED"}
{"ts":1770433011715,"action":"FILE_CLOSED","file":"/src/Test.java","tags":{"FILE_LINE_OF_CODE":"43"}}
{"ts":1770433011715,"action":"FILE_OPENED","file":"/docx/算法竞赛备忘录.md","tags":{"FILE_LINE_OF_CODE":"222"}}
{"ts":1770433014932,"action":"FILE_CLOSED","file":"/docx/算法竞赛备忘录.md","tags":{"FILE_LINE_OF_CODE":"222"}}
{"ts":1770433014932,"action":"FILE_OPENED","file":"/src/Test.java","tags":{"FILE_LINE_OF_CODE":"43"}}
{"ts":1770433050477,"action":"IDE_DEACTIVATED"}
{"ts":1770433052904,"action":"IDE_ACTIVATED"}
{"ts":1770433053971,"action":"IDE_DEACTIVATED"}
{"ts":1770433055951,"action":"IDE_ACTIVATED"}
{"ts":1770433057212,"action":"IDE_DEACTIVATED"}
{"ts":1770433057900,"action":"IDE_ACTIVATED"}
{"ts":1770433058814,"action":"IDE_DEACTIVATED"}
{"ts":1770433234581,"action":"IDE_ACTIVATED"}
{"ts":1770433235082,"action":"IDE_DEACTIVATED"}
{"ts":1770433252188,"action":"IDE_ACTIVATED"}
{"ts":1770433255334,"action":"IDE_DEACTIVATED"}
{"ts":1770433261550,"action":"IDE_ACTIVATED"}
{"ts":1770433264153,"action":"IDE_DEACTIVATED"}
{"ts":1770433268452,"action":"IDE_ACTIVATED"}
{"ts":1770433310186,"action":"IDE_DEACTIVATED"}
{"ts":1770433311725,"action":"IDE_ACTIVATED"}
{"ts":1770433312059,"action":"IDE_DEACTIVATED"}
{"ts":1770433503899,"action":"IDE_ACTIVATED"}
{"ts":1770433504161,"action":"IDE_DEACTIVATED"}
{"ts":1770434763203,"action":"IDE_ACTIVATED"}
{"ts":1770434772248,"action":"IDE_DEACTIVATED"}
{"ts":1770434773996,"action":"IDE_ACTIVATED"}
{"ts":1770434789397,"action":"IDE_DEACTIVATED"}
{"ts":1770434790938,"action":"IDE_ACTIVATED"}
{"ts":1770434791202,"action":"IDE_DEACTIVATED"}
{"ts":1770434792088,"action":"IDE_ACTIVATED"}
{"ts":1770434793517,"action":"IDE_DEACTIVATED"}
{"ts":1770434905895,"action":"IDE_ACTIVATED"}
{"ts":1770434911523,"action":"IDE_DEACTIVATED"}
{"ts":1770434920331,"action":"IDE_ACTIVATED"}
{"ts":1770434921813,"action":"IDE_DEACTIVATED"}
{"ts":1770435883380,"action":"IDE_ACTIVATED"}
{"ts":1770435885972,"action":"FILE_CLOSED","file":"/src/Test.java","tags":{"FILE_LINE_OF_CODE":"27"}}
{"ts":1770435894556,"action":"IDE_DEACTIVATED"}
{"ts":1770435896225,"action":"IDE_ACTIVATED"}
{"ts":1770435897252,"action":"IDE_DEACTIVATED"}
{"ts":1770436374978,"action":"IDE_ACTIVATED"}
{"ts":1770436375474,"action":"IDE_DEACTIVATED"}
{"ts":1770436376164,"action":"IDE_ACTIVATED"}
{"ts":1770436376867,"action":"IDE_DEACTIVATED"}
{"ts":1770436378207,"action":"IDE_ACTIVATED"}
{"ts":1770436380280,"action":"IDE_DEACTIVATED"}
{"ts":1770436544628,"action":"IDE_ACTIVATED"}
{"ts":1770436548365,"action":"FILE_OPENED","file":"/src/Test.java","tags":{"FILE_LINE_OF_CODE":"27"}}
{"ts":1770436551638,"action":"IDE_DEACTIVATED"}
{"ts":1770436555758,"action":"IDE_ACTIVATED"}
{"ts":1770436579807,"action":"IDE_DEACTIVATED"}
{"ts":1770436583618,"action":"IDE_ACTIVATED"}
{"ts":1770436586545,"action":"IDE_DEACTIVATED"}
{"ts":1770436588147,"action":"IDE_ACTIVATED"}
{"ts":1770436588280,"action":"IDE_DEACTIVATED"}
{"ts":1770436608501,"action":"IDE_ACTIVATED"}
{"ts":1770436615385,"action":"IDE_DEACTIVATED"}
{"ts":1770436959451,"action":"IDE_ACTIVATED"}
{"ts":1770437019970,"action":"IDE_DEACTIVATED"}
{"ts":1770437028100,"action":"IDE_ACTIVATED"}
{"ts":1770437036416,"action":"IDE_DEACTIVATED"}
{"ts":1770437042338,"action":"IDE_ACTIVATED"}
{"ts":1770437056407,"action":"IDE_DEACTIVATED"}
{"ts":1770437057102,"action":"IDE_ACTIVATED"}
{"ts":1770437058525,"action":"IDE_DEACTIVATED"}
{"ts":1770437065872,"action":"IDE_ACTIVATED"}
{"ts":1770437141328,"action":"IDE_DEACTIVATED"}
{"ts":1770437149132,"action":"IDE_ACTIVATED"}
{"ts":1770437229016,"action":"IDE_DEACTIVATED"}
{"ts":1770437249913,"action":"IDE_ACTIVATED"}
{"ts":1770437255957,"action":"IDE_DEACTIVATED"}
{"ts":1770437298815,"action":"IDE_ACTIVATED"}
{"ts":1770437310554,"action":"IDE_DEACTIVATED"}
{"ts":1770437317126,"action":"IDE_ACTIVATED"}
{"ts":1770437325905,"action":"IDE_DEACTIVATED"}
{"ts":1770437327858,"action":"IDE_ACTIVATED"}
{"ts":1770437335241,"action":"IDE_DEACTIVATED"}
{"ts":1770437345371,"action":"IDE_ACTIVATED"}
{"ts":1770437347798,"action":"IDE_DEACTIVATED"}
{"ts":1770437382680,"action":"IDE_ACTIVATED"}
{"ts":1770437385311,"action":"IDE_DEACTIVATED"}
{"ts":1770437430861,"action":"IDE_ACTIVATED"}
{"ts":1770437474705,"action":"IDE_DEACTIVATED"}
{"ts":1770437481954,"action":"IDE_ACTIVATED"}
{"ts":1770437482392,"action":"IDE_DEACTIVATED"}
{"ts":1770437491214,"action":"IDE_ACTIVATED"}
{"ts":1770437493348,"action":"IDE_DEACTIVATED"}
{"ts":1770438034999,"action":"IDE_ACTIVATED"}
{"ts":1770438040541,"action":"IDE_DEACTIVATED"}
{"ts":1770438042285,"action":"IDE_ACTIVATED"}
{"ts":1770438042916,"action":"IDE_DEACTIVATED"}
{"ts":1770439072565,"action":"IDE_ACTIVATED"}
{"ts":1770439075760,"action":"IDE_DEACTIVATED"}
{"ts":1770439078154,"action":"IDE_ACTIVATED"}
{"ts":1770439084261,"action":"IDE_DEACTIVATED"}
{"ts":1770439086925,"action":"IDE_ACTIVATED"}
{"ts":1770439108500,"action":"IDE_DEACTIVATED"}
{"ts":1770439110758,"action":"IDE_ACTIVATED"}
{"ts":1770439115786,"action":"IDE_DEACTIVATED"}
{"ts":1770439117350,"action":"IDE_ACTIVATED"}
{"ts":1770439118358,"action":"IDE_DEACTIVATED"}
{"ts":1770439124316,"action":"IDE_ACTIVATED"}
{"ts":1770439126140,"action":"IDE_DEACTIVATED"}
{"ts":1770439747973,"action":"IDE_ACTIVATED"}
{"ts":1770439758211,"action":"IDE_DEACTIVATED"}
{"ts":1770439758616,"action":"IDE_ACTIVATED"}
{"ts":1770439763767,"action":"IDE_DEACTIVATED"}
{"ts":1770439766132,"action":"IDE_ACTIVATED"}
{"ts":1770439769167,"action":"IDE_DEACTIVATED"}
{"ts":1770439771477,"action":"IDE_ACTIVATED"}
{"ts":1770439783664,"action":"IDE_DEACTIVATED"}
{"ts":1770439784658,"action":"IDE_ACTIVATED"}
{"ts":1770439790314,"action":"IDE_DEACTIVATED"}
{"ts":1770439792724,"action":"IDE_ACTIVATED"}
{"ts":1770439801937,"action":"IDE_DEACTIVATED"}
{"ts":1770439802412,"action":"IDE_ACTIVATED"}
{"ts":1770439811751,"action":"IDE_DEACTIVATED"}
{"ts":1770439831049,"action":"IDE_ACTIVATED"}
{"ts":1770439832745,"action":"IDE_DEACTIVATED"}
{"ts":1770439834945,"action":"IDE_ACTIVATED"}
{"ts":1770439836348,"action":"IDE_DEACTIVATED"}
{"ts":1770440206341,"action":"IDE_ACTIVATED"}
{"ts":1770440210148,"action":"IDE_DEACTIVATED"}
{"ts":1770440216383,"action":"IDE_ACTIVATED"}
{"ts":1770440250239,"action":"IDE_DEACTIVATED"}
{"ts":1770440257922,"action":"IDE_ACTIVATED"}
{"ts":1770440258790,"action":"IDE_DEACTIVATED"}
{"ts":1770440260140,"action":"IDE_ACTIVATED"}
{"ts":1770440260269,"action":"IDE_DEACTIVATED"}
{"ts":1770440262036,"action":"IDE_ACTIVATED"}
{"ts":1770440264451,"action":"IDE_DEACTIVATED"}
{"ts":1770440396207,"action":"IDE_ACTIVATED"}
{"ts":1770440406461,"action":"IDE_DEACTIVATED"}
{"ts":1770441167764,"action":"IDE_ACTIVATED"}
{"ts":1770441178571,"action":"FILE_CLOSED","file":"/src/Test.java","tags":{"FILE_LINE_OF_CODE":"76"}}
{"ts":1770441191354,"action":"IDE_DEACTIVATED"}
{"ts":1770442550296,"action":"IDE_ACTIVATED"}
{"ts":1770442595287,"action":"IDE_DEACTIVATED"}
{"ts":1770443168497,"action":"IDE_ACTIVATED"}
{"ts":1770443169507,"action":"IDE_DEACTIVATED"}
{"ts":1770443172568,"action":"IDE_ACTIVATED"}
{"ts":1770443175085,"action":"IDE_DEACTIVATED"}
{"ts":1770443178013,"action":"IDE_ACTIVATED"}
{"ts":1770443179292,"action":"IDE_DEACTIVATED"}
{"ts":1770443181664,"action":"IDE_ACTIVATED"}
{"ts":1770443184654,"action":"IDE_DEACTIVATED"}
{"ts":1770443510057,"action":"IDE_ACTIVATED"}
{"ts":1770443512067,"action":"FILE_OPENED","file":"/src/Test.java","tags":{"FILE_LINE_OF_CODE":"76"}}
{"ts":1770443523510,"action":"IDE_DEACTIVATED"}
{"ts":1770443526862,"action":"IDE_ACTIVATED"}
{"ts":1770443528402,"action":"IDE_DEACTIVATED"}
{"ts":1770443530144,"action":"IDE_ACTIVATED"}
{"ts":1770443530659,"action":"IDE_DEACTIVATED"}
{"ts":1770443531960,"action":"IDE_ACTIVATED"}
{"ts":1770443534848,"action":"IDE_DEACTIVATED"}
{"ts":1770443571944,"action":"IDE_ACTIVATED"}
{"ts":1770443579604,"action":"IDE_DEACTIVATED"}
{"ts":1770443581635,"action":"IDE_ACTIVATED"}
{"ts":1770443582738,"action":"IDE_DEACTIVATED"}
{"ts":1770443951842,"action":"IDE_ACTIVATED"}
{"ts":1770443953917,"action":"FILE_CLOSED","file":"/src/Test.java","tags":{"FILE_LINE_OF_CODE":"27"}}
{"ts":1770444006371,"action":"IDE_DEACTIVATED"}
{"ts":1770444086654,"action":"IDE_ACTIVATED"}
{"ts":1770444099374,"action":"IDE_DEACTIVATED"}
{"ts":1770444105216,"action":"IDE_ACTIVATED"}
{"ts":1770444105965,"action":"IDE_DEACTIVATED"}
{"ts":1770444127322,"action":"IDE_ACTIVATED"}
{"ts":1770444129883,"action":"IDE_DEACTIVATED"}
{"ts":1770444242548,"action":"IDE_ACTIVATED"}
{"ts":1770444245888,"action":"IDE_DEACTIVATED"}
{"ts":1770444246985,"action":"IDE_ACTIVATED"}
{"ts":1770444248339,"action":"IDE_DEACTIVATED"}
{"ts":1770444289853,"action":"IDE_ACTIVATED"}
{"ts":1770444293261,"action":"IDE_DEACTIVATED"}
{"ts":1770444435581,"action":"IDE_ACTIVATED"}
{"ts":1770444457947,"action":"IDE_DEACTIVATED"}
{"ts":1770444474363,"action":"IDE_ACTIVATED"}
{"ts":1770444475131,"action":"IDE_DEACTIVATED"}
{"ts":1770444477915,"action":"IDE_ACTIVATED"}
{"ts":1770444481218,"action":"IDE_DEACTIVATED"}
{"ts":1770444498991,"action":"IDE_ACTIVATED"}
{"ts":1770444500205,"action":"FILE_OPENED","file":"/src/Test.java","tags":{"FILE_LINE_OF_CODE":"27"}}
{"ts":1770444510925,"action":"IDE_DEACTIVATED"}
{"ts":1770444512389,"action":"IDE_ACTIVATED"}
{"ts":1770444512850,"action":"IDE_DEACTIVATED"}
{"ts":1770444522074,"action":"IDE_ACTIVATED"}
{"ts":1770444527939,"action":"IDE_DEACTIVATED"}
{"ts":1770444690829,"action":"IDE_ACTIVATED"}
{"ts":1770444699501,"action":"FILE_CLOSED","file":"/src/Test.java","tags":{"FILE_LINE_OF_CODE":"37"}}
{"ts":1770444715602,"action":"IDE_DEACTIVATED"}
{"ts":1770444718498,"action":"IDE_ACTIVATED"}
{"ts":1770444721443,"action":"IDE_DEACTIVATED"}
{"ts":1770444995915,"action":"IDE_ACTIVATED"}
{"ts":1770444996480,"action":"IDE_DEACTIVATED"}
{"ts":1770445370670,"action":"IDE_ACTIVATED"}
{"ts":1770445379642,"action":"IDE_DEACTIVATED"}
{"ts":1770445381949,"action":"IDE_ACTIVATED"}
{"ts":1770445383089,"action":"IDE_DEACTIVATED"}
{"ts":1770445555486,"action":"IDE_ACTIVATED"}
{"ts":1770445556721,"action":"FILE_OPENED","file":"/src/Test.java","tags":{"FILE_LINE_OF_CODE":"37"}}
{"ts":1770445562751,"action":"IDE_DEACTIVATED"}
{"ts":1770445566931,"action":"IDE_ACTIVATED"}
{"ts":1770445571344,"action":"IDE_DEACTIVATED"}
{"ts":1770445572518,"action":"IDE_ACTIVATED"}
{"ts":1770445592991,"action":"IDE_DEACTIVATED"}
{"ts":1770445596655,"action":"IDE_ACTIVATED"}
{"ts":1770445598894,"action":"IDE_DEACTIVATED"}
{"ts":1770445607623,"action":"IDE_ACTIVATED"}
{"ts":1770445611233,"action":"IDE_DEACTIVATED"}
{"ts":1770445613187,"action":"IDE_ACTIVATED"}
{"ts":1770445614560,"action":"IDE_DEACTIVATED"}
{"ts":1770445615759,"action":"IDE_ACTIVATED"}
{"ts":1770445619161,"action":"IDE_DEACTIVATED"}
{"ts":1770445620625,"action":"IDE_ACTIVATED"}
{"ts":1770445620775,"action":"IDE_DEACTIVATED"}
{"ts":1770445622245,"action":"IDE_ACTIVATED"}
{"ts":1770445623054,"action":"IDE_DEACTIVATED"}
{"ts":1770445736563,"action":"IDE_ACTIVATED"}
{"ts":1770445739148,"action":"FILE_CLOSED","file":"/src/Test.java","tags":{"FILE_LINE_OF_CODE":"60"}}
{"ts":1770445740771,"action":"IDE_DEACTIVATED"}
{"ts":1770445741938,"action":"IDE_ACTIVATED"}
{"ts":1770445756111,"action":"IDE_DEACTIVATED"}
{"ts":1770445773157,"action":"IDE_ACTIVATED"}
{"ts":1770445775488,"action":"IDE_DEACTIVATED"}
{"ts":1770445812276,"action":"IDE_ACTIVATED"}
{"ts":1770445813360,"action":"IDE_DEACTIVATED"}
{"ts":1770446534660,"action":"IDE_ACTIVATED"}
{"ts":1770446543308,"action":"PROJECT_CLOSED","tags":{"PROJECT_NAME":"Algorithm"}}
{"ts":1770479177763,"action":"IDE_DEACTIVATED"}
{"ts":1770479183582,"action":"PROJECT_OPENED","tags":{"PROJECT_NAME":"Algorithm"}}
{"ts":1770479184317,"action":"IDE_ACTIVATED"}
{"ts":1770479192724,"action":"FILE_OPENED","file":"/src/Test.java","tags":{"FILE_LINE_OF_CODE":"60"}}
{"ts":1770479193739,"action":"FILE_CLOSED","file":"/src/Test.java","tags":{"FILE_LINE_OF_CODE":"60"}}
{"ts":1770479194753,"action":"FILE_OPENED","file":"/src/数据结构/Java容器/Set/使用/HashSet_Use.java","tags":{"FILE_LINE_OF_CODE":"288"}}
{"ts":1770479195454,"action":"FILE_CLOSED","file":"/src/数据结构/Java容器/Set/使用/HashSet_Use.java","tags":{"FILE_LINE_OF_CODE":"288"}}
{"ts":1770479196335,"action":"FILE_OPENED","file":"/docx/算法竞赛备忘录.md","tags":{"FILE_LINE_OF_CODE":"222"}}
{"ts":1770479196980,"action":"FILE_CLOSED","file":"/docx/算法竞赛备忘录.md","tags":{"FILE_LINE_OF_CODE":"222"}}
{"ts":1770479196980,"action":"FILE_OPENED","file":"/src/动态规划/subject/线性dp/P1412_经营与开发/Main.java","tags":{"FILE_LINE_OF_CODE":"45"}}
{"ts":1770479198027,"action":"FILE_CLOSED","file":"/src/动态规划/subject/线性dp/P1412_经营与开发/Main.java","tags":{"FILE_LINE_OF_CODE":"45"}}
{"ts":1770479198027,"action":"FILE_OPENED","file":"/src/动态规划/subject/背包/P5365_SNOI2017_英雄联盟/Main.java","tags":{"FILE_LINE_OF_CODE":"46"}}
{"ts":1770479198752,"action":"FILE_CLOSED","file":"/src/动态规划/subject/背包/P5365_SNOI2017_英雄联盟/Main.java","tags":{"FILE_LINE_OF_CODE":"46"}}
{"ts":1770479198752,"action":"FILE_OPENED","file":"/src/动态规划/template/背包/多重背包/滚动数组与决策优化/Main.java","tags":{"FILE_LINE_OF_CODE":"40"}}
{"ts":1770479199504,"action":"FILE_CLOSED","file":"/src/动态规划/template/背包/多重背包/滚动数组与决策优化/Main.java","tags":{"FILE_LINE_OF_CODE":"40"}}
{"ts":1770479199504,"action":"FILE_OPENED","file":"/src/动态规划/subject/背包/P13957_ICPC2023NanjingR_背包/Main.java","tags":{"FILE_LINE_OF_CODE":"86"}}
{"ts":1770479200324,"action":"FILE_CLOSED","file":"/src/动态规划/subject/背包/P13957_ICPC2023NanjingR_背包/Main.java","tags":{"FILE_LINE_OF_CODE":"86"}}
{"ts":1770479200324,"action":"FILE_OPENED","file":"/src/动态规划/template/背包/完全背包/决策优化加优化空间/Main.java","tags":{"FILE_LINE_OF_CODE":"45"}}
{"ts":1770479201339,"action":"FILE_CLOSED","file":"/src/动态规划/template/背包/完全背包/决策优化加优化空间/Main.java","tags":{"FILE_LINE_OF_CODE":"45"}}
{"ts":1770479201339,"action":"FILE_OPENED","file":"/src/动态规划/template/单调队列/连续子序列的最大和/LOJ10176_最大连续和/Main.java","tags":{"FILE_LINE_OF_CODE":"37"}}
{"ts":1770479202080,"action":"FILE_CLOSED","file":"/src/动态规划/template/单调队列/连续子序列的最大和/LOJ10176_最大连续和/Main.java","tags":{"FILE_LINE_OF_CODE":"37"}}
{"ts":1770479202080,"action":"FILE_OPENED","file":"/src/动态规划/template/单调队列/P1886_滑动窗口_模板_单调队列/Main.java","tags":{"FILE_LINE_OF_CODE":"104"}}
{"ts":1770479202668,"action":"FILE_CLOSED","file":"/src/动态规划/template/单调队列/P1886_滑动窗口_模板_单调队列/Main.java","tags":{"FILE_LINE_OF_CODE":"104"}}
{"ts":1770479202668,"action":"FILE_OPENED","file":"/src/基础算法和其他/贪心/subject/leetcode1864_构成交替字符串需要的最小交换次数/Solution.java","tags":{"FILE_LINE_OF_CODE":"42"}}
{"ts":1770479212402,"action":"FILE_CLOSED","file":"/src/基础算法和其他/贪心/subject/leetcode1864_构成交替字符串需要的最小交换次数/Solution.java","tags":{"FILE_LINE_OF_CODE":"42"}}
{"ts":1770479214769,"action":"FILE_OPENED","file":"/src/基础算法和其他/贪心/subject/leetcode1864_构成交替字符串需要的最小交换次数/Solution.java","tags":{"FILE_LINE_OF_CODE":"42"}}
{"ts":1770479215255,"action":"FILE_CLOSED","file":"/src/基础算法和其他/贪心/subject/leetcode1864_构成交替字符串需要的最小交换次数/Solution.java","tags":{"FILE_LINE_OF_CODE":"42"}}
{"ts":1770479216374,"action":"IDE_DEACTIVATED"}
{"ts":1770479219544,"action":"IDE_ACTIVATED"}
{"ts":1770479233948,"action":"IDE_DEACTIVATED"}
{"ts":1770479279016,"action":"IDE_ACTIVATED"}
{"ts":1770479305001,"action":"IDE_DEACTIVATED"}
{"ts":1770479311426,"action":"IDE_ACTIVATED"}
{"ts":1770479351261,"action":"FILE_OPENED","file":"/src/基础算法和其他/哈希/LeetCode1_两数之和/Main.java","tags":{"FILE_LINE_OF_CODE":"5"}}
{"ts":1770479354119,"action":"IDE_DEACTIVATED"}
{"ts":1770479392579,"action":"IDE_ACTIVATED"}
{"ts":1770479395554,"action":"IDE_DEACTIVATED"}
{"ts":1770479398901,"action":"IDE_ACTIVATED"}
{"ts":1770479429572,"action":"IDE_DEACTIVATED"}
{"ts":1770479448619,"action":"IDE_ACTIVATED"}
{"ts":1770479450450,"action":"IDE_DEACTIVATED"}
{"ts":1770479450911,"action":"IDE_ACTIVATED"}
{"ts":1770479453521,"action":"IDE_DEACTIVATED"}
{"ts":1770479454453,"action":"IDE_ACTIVATED"}
{"ts":1770479458494,"action":"IDE_DEACTIVATED"}
{"ts":1770479460923,"action":"IDE_ACTIVATED"}
{"ts":1770479471784,"action":"IDE_DEACTIVATED"}
{"ts":1770479554289,"action":"IDE_ACTIVATED"}
{"ts":1770479555703,"action":"IDE_DEACTIVATED"}
{"ts":1770479561698,"action":"IDE_ACTIVATED"}
{"ts":1770479587349,"action":"FILE_CLOSED","file":"/src/基础算法和其他/哈希/LeetCode1_两数之和/Main.java","tags":{"FILE_LINE_OF_CODE":"22"}}
{"ts":1770479587349,"action":"FILE_OPENED","file":"/src/基础算法和其他/双指针/subject/LeetCode189_轮转数组/Main.java","tags":{"FILE_LINE_OF_CODE":"5"}}
{"ts":1770479589048,"action":"IDE_DEACTIVATED"}
{"ts":1770479591176,"action":"IDE_ACTIVATED"}
{"ts":1770479594302,"action":"IDE_DEACTIVATED"}
{"ts":1770479636027,"action":"IDE_ACTIVATED"}
{"ts":1770479673932,"action":"IDE_DEACTIVATED"}
{"ts":1770479674813,"action":"IDE_ACTIVATED"}
{"ts":1770479688252,"action":"IDE_DEACTIVATED"}
{"ts":1770479693946,"action":"IDE_ACTIVATED"}
{"ts":1770480012023,"action":"IDE_DEACTIVATED"}
{"ts":1770480034246,"action":"IDE_ACTIVATED"}
{"ts":1770480037200,"action":"IDE_DEACTIVATED"}
{"ts":1770480051772,"action":"IDE_ACTIVATED"}
{"ts":1770480056530,"action":"IDE_DEACTIVATED"}
{"ts":1770480146257,"action":"IDE_ACTIVATED"}
{"ts":1770480154824,"action":"IDE_DEACTIVATED"}
{"ts":1770480155676,"action":"IDE_ACTIVATED"}
{"ts":1770480165066,"action":"IDE_DEACTIVATED"}
{"ts":1770480167139,"action":"IDE_ACTIVATED"}
{"ts":1770480173694,"action":"IDE_DEACTIVATED"}
{"ts":1770480176606,"action":"IDE_ACTIVATED"}
{"ts":1770480187726,"action":"IDE_DEACTIVATED"}
{"ts":1770480188922,"action":"IDE_ACTIVATED"}
{"ts":1770480196429,"action":"IDE_DEACTIVATED"}
{"ts":1770480197180,"action":"IDE_ACTIVATED"}
{"ts":1770480203772,"action":"IDE_DEACTIVATED"}
{"ts":1770480205212,"action":"IDE_ACTIVATED"}
{"ts":1770480219124,"action":"IDE_DEACTIVATED"}
{"ts":1770480226645,"action":"IDE_ACTIVATED"}
{"ts":1770480227114,"action":"IDE_DEACTIVATED"}
{"ts":1770480261787,"action":"IDE_ACTIVATED"}
{"ts":1770480262348,"action":"IDE_DEACTIVATED"}
{"ts":1770480270988,"action":"IDE_ACTIVATED"}
{"ts":1770480285755,"action":"IDE_DEACTIVATED"}
{"ts":1770480331295,"action":"IDE_ACTIVATED"}
{"ts":1770480365871,"action":"FILE_CLOSED","file":"/src/基础算法和其他/双指针/subject/LeetCode189_轮转数组/Main.java","tags":{"FILE_LINE_OF_CODE":"48"}}
{"ts":1770480365871,"action":"FILE_OPENED","file":"/src/基础算法和其他/哈希/LeetCode49_字母异位词分组/Main.java","tags":{"FILE_LINE_OF_CODE":"5"}}
{"ts":1770480367503,"action":"IDE_DEACTIVATED"}
{"ts":1770480369313,"action":"IDE_ACTIVATED"}
{"ts":1770480374345,"action":"IDE_DEACTIVATED"}
{"ts":1770480391792,"action":"IDE_ACTIVATED"}
{"ts":1770480448454,"action":"IDE_DEACTIVATED"}
{"ts":1770480452303,"action":"IDE_ACTIVATED"}
{"ts":1770480454811,"action":"IDE_DEACTIVATED"}
{"ts":1770480479652,"action":"IDE_ACTIVATED"}
{"ts":1770480544668,"action":"IDE_DEACTIVATED"}
{"ts":1770480553045,"action":"IDE_ACTIVATED"}
{"ts":1770480563478,"action":"IDE_DEACTIVATED"}
{"ts":1770480574280,"action":"IDE_ACTIVATED"}
{"ts":1770480627579,"action":"IDE_DEACTIVATED"}
{"ts":1770480633581,"action":"IDE_ACTIVATED"}
{"ts":1770480636670,"action":"IDE_DEACTIVATED"}
{"ts":1770480638847,"action":"IDE_ACTIVATED"}
{"ts":1770480662758,"action":"IDE_DEACTIVATED"}
{"ts":1770480663966,"action":"IDE_ACTIVATED"}
{"ts":1770480677763,"action":"IDE_DEACTIVATED"}
{"ts":1770480682248,"action":"IDE_ACTIVATED"}
{"ts":1770480683863,"action":"IDE_DEACTIVATED"}
{"ts":1770480684992,"action":"IDE_ACTIVATED"}
{"ts":1770480695083,"action":"IDE_DEACTIVATED"}
{"ts":1770480699191,"action":"IDE_ACTIVATED"}
{"ts":1770480727592,"action":"IDE_DEACTIVATED"}
{"ts":1770480730135,"action":"IDE_ACTIVATED"}
{"ts":1770480735208,"action":"IDE_DEACTIVATED"}
{"ts":1770480736005,"action":"IDE_ACTIVATED"}
{"ts":1770480737441,"action":"IDE_DEACTIVATED"}
{"ts":1770480762064,"action":"IDE_ACTIVATED"}
{"ts":1770480779779,"action":"IDE_DEACTIVATED"}
{"ts":1770480788144,"action":"IDE_ACTIVATED"}
{"ts":1770480836766,"action":"IDE_DEACTIVATED"}
{"ts":1770481029416,"action":"IDE_ACTIVATED"}
{"ts":1770481032524,"action":"PROJECT_CLOSED","tags":{"PROJECT_NAME":"Algorithm"}}
{"ts":1770518350644,"action":"FILE_OPENED","file":"/src/基础算法和其他/哈希/LeetCode49_字母异位词分组/Main.java","tags":{"FILE_LINE_OF_CODE":"42"}}
{"ts":1770518351125,"action":"PROJECT_OPENED","tags":{"PROJECT_NAME":"Algorithm"}}
{"ts":1770518418091,"action":"IDE_DEACTIVATED"}
{"ts":1770518471438,"action":"IDE_ACTIVATED"}
{"ts":1770518480907,"action":"FILE_CLOSED","file":"/src/基础算法和其他/哈希/LeetCode49_字母异位词分组/Main.java","tags":{"FILE_LINE_OF_CODE":"42"}}
{"ts":1770518482642,"action":"IDE_DEACTIVATED"}
{"ts":1770518535758,"action":"IDE_ACTIVATED"}
{"ts":1770518536484,"action":"IDE_DEACTIVATED"}
{"ts":1770518540458,"action":"IDE_ACTIVATED"}
{"ts":1770518554068,"action":"IDE_DEACTIVATED"}
{"ts":1770518555852,"action":"IDE_ACTIVATED"}
{"ts":1770518559909,"action":"IDE_DEACTIVATED"}
{"ts":1770518598829,"action":"IDE_ACTIVATED"}
{"ts":1770518599129,"action":"IDE_DEACTIVATED"}
{"ts":1770518602526,"action":"IDE_ACTIVATED"}
{"ts":1770518604831,"action":"IDE_DEACTIVATED"}
{"ts":1770518606944,"action":"IDE_ACTIVATED"}
{"ts":1770518608244,"action":"IDE_DEACTIVATED"}
{"ts":1770518715196,"action":"IDE_ACTIVATED"}
{"ts":1770518718106,"action":"FILE_OPENED","file":"/src/Test.java","tags":{"FILE_LINE_OF_CODE":"60"}}
{"ts":1770518740671,"action":"IDE_DEACTIVATED"}
{"ts":1770518742473,"action":"IDE_ACTIVATED"}
{"ts":1770518745029,"action":"IDE_DEACTIVATED"}
{"ts":1770518759715,"action":"IDE_ACTIVATED"}
{"ts":1770518762827,"action":"IDE_DEACTIVATED"}
{"ts":1770518881044,"action":"IDE_ACTIVATED"}
{"ts":1770518883744,"action":"FILE_CLOSED","file":"/src/Test.java","tags":{"FILE_LINE_OF_CODE":"31"}}
{"ts":1770518885905,"action":"IDE_DEACTIVATED"}
{"ts":1770519421532,"action":"IDE_ACTIVATED"}
{"ts":1770519474803,"action":"IDE_DEACTIVATED"}
{"ts":1770519554873,"action":"IDE_ACTIVATED"}
{"ts":1770519565373,"action":"IDE_DEACTIVATED"}
{"ts":1770519740927,"action":"IDE_ACTIVATED"}
{"ts":1770519743897,"action":"IDE_DEACTIVATED"}
{"ts":1770520029213,"action":"IDE_ACTIVATED"}
{"ts":1770520051131,"action":"IDE_DEACTIVATED"}
{"ts":1770520282602,"action":"IDE_ACTIVATED"}
{"ts":1770520283053,"action":"IDE_DEACTIVATED"}
{"ts":1770520665120,"action":"IDE_ACTIVATED"}
{"ts":1770520665442,"action":"IDE_DEACTIVATED"}
{"ts":1770520666294,"action":"IDE_ACTIVATED"}
{"ts":1770520696296,"action":"IDE_DEACTIVATED"}
{"ts":1770522138942,"action":"IDE_ACTIVATED"}
{"ts":1770522140550,"action":"FILE_OPENED","file":"/src/Test.java","tags":{"FILE_LINE_OF_CODE":"31"}}
{"ts":1770522185868,"action":"IDE_DEACTIVATED"}
{"ts":1770522224784,"action":"IDE_ACTIVATED"}
{"ts":1770522225844,"action":"IDE_DEACTIVATED"}
{"ts":1770522336783,"action":"IDE_ACTIVATED"}
{"ts":1770522379351,"action":"IDE_DEACTIVATED"}
{"ts":1770522382048,"action":"IDE_ACTIVATED"}
{"ts":1770522413860,"action":"IDE_DEACTIVATED"}
{"ts":1770522421969,"action":"IDE_ACTIVATED"}
{"ts":1770522422295,"action":"IDE_DEACTIVATED"}
{"ts":1770522423759,"action":"IDE_ACTIVATED"}
{"ts":1770522454431,"action":"IDE_DEACTIVATED"}
{"ts":1770522505098,"action":"IDE_ACTIVATED"}
{"ts":1770522514861,"action":"IDE_DEACTIVATED"}
{"ts":1770522516504,"action":"IDE_ACTIVATED"}
{"ts":1770522517767,"action":"IDE_DEACTIVATED"}
{"ts":1770528110999,"action":"IDE_ACTIVATED"}
{"ts":1770528112190,"action":"IDE_DEACTIVATED"}
{"ts":1770528293152,"action":"IDE_ACTIVATED"}
{"ts":1770528295791,"action":"PROJECT_CLOSED","tags":{"PROJECT_NAME":"Algorithm"}}
{"ts":1770566244932,"action":"FILE_OPENED","file":"/src/Test.java","tags":{"FILE_LINE_OF_CODE":"40"}}
{"ts":1770566245481,"action":"PROJECT_OPENED","tags":{"PROJECT_NAME":"Algorithm"}}
{"ts":1770566459221,"action":"IDE_DEACTIVATED"}
{"ts":1770566492976,"action":"IDE_ACTIVATED"}
{"ts":1770566494675,"action":"IDE_DEACTIVATED"}
{"ts":1770566499492,"action":"IDE_ACTIVATED"}
{"ts":1770566521963,"action":"FILE_CLOSED","file":"/src/Test.java","tags":{"FILE_LINE_OF_CODE":"40"}}
{"ts":1770566521963,"action":"FILE_OPENED","file":"/src/基础算法和其他/哈希/LeetCode128_最长连续序列/Main.java","tags":{"FILE_LINE_OF_CODE":"5"}}
{"ts":1770566523925,"action":"IDE_DEACTIVATED"}
{"ts":1770566525666,"action":"IDE_ACTIVATED"}
{"ts":1770566532679,"action":"IDE_DEACTIVATED"}
{"ts":1770566535284,"action":"IDE_ACTIVATED"}
{"ts":1770566644878,"action":"IDE_DEACTIVATED"}
{"ts":1770566654484,"action":"IDE_ACTIVATED"}
{"ts":1770566656395,"action":"IDE_DEACTIVATED"}
{"ts":1770566788003,"action":"IDE_ACTIVATED"}
{"ts":1770566869340,"action":"IDE_DEACTIVATED"}
{"ts":1770566870883,"action":"IDE_ACTIVATED"}
{"ts":1770566874558,"action":"IDE_DEACTIVATED"}
{"ts":1770566883201,"action":"IDE_ACTIVATED"}
{"ts":1770566883890,"action":"IDE_DEACTIVATED"}
{"ts":1770566891162,"action":"IDE_ACTIVATED"}
{"ts":1770566895452,"action":"IDE_DEACTIVATED"}
{"ts":1770566906845,"action":"IDE_ACTIVATED"}
{"ts":1770566927721,"action":"IDE_DEACTIVATED"}
{"ts":1770566988345,"action":"IDE_ACTIVATED"}
{"ts":1770567028477,"action":"IDE_DEACTIVATED"}
{"ts":1770567038954,"action":"IDE_ACTIVATED"}
{"ts":1770567058691,"action":"IDE_DEACTIVATED"}
{"ts":1770567132384,"action":"IDE_ACTIVATED"}
{"ts":1770567135638,"action":"IDE_DEACTIVATED"}
{"ts":1770567139292,"action":"IDE_ACTIVATED"}
{"ts":1770567146337,"action":"IDE_DEACTIVATED"}
{"ts":1770567148553,"action":"IDE_ACTIVATED"}
{"ts":1770567151380,"action":"IDE_DEACTIVATED"}
{"ts":1770567155633,"action":"IDE_ACTIVATED"}
{"ts":1770567160629,"action":"IDE_DEACTIVATED"}
{"ts":1770567161814,"action":"IDE_ACTIVATED"}
{"ts":1770567195811,"action":"IDE_DEACTIVATED"}
{"ts":1770567196725,"action":"IDE_ACTIVATED"}
{"ts":1770567202400,"action":"IDE_DEACTIVATED"}
{"ts":1770567203076,"action":"IDE_ACTIVATED"}
{"ts":1770567204990,"action":"IDE_DEACTIVATED"}
{"ts":1770567206449,"action":"IDE_ACTIVATED"}
{"ts":1770567206938,"action":"IDE_DEACTIVATED"}
{"ts":1770567208850,"action":"IDE_ACTIVATED"}
{"ts":1770567217302,"action":"IDE_DEACTIVATED"}
{"ts":1770567218749,"action":"IDE_ACTIVATED"}
{"ts":1770567219750,"action":"IDE_DEACTIVATED"}
{"ts":1770567228963,"action":"IDE_ACTIVATED"}
{"ts":1770567232626,"action":"IDE_DEACTIVATED"}
{"ts":1770567235462,"action":"IDE_ACTIVATED"}
{"ts":1770567261800,"action":"IDE_DEACTIVATED"}
{"ts":1770567262478,"action":"IDE_ACTIVATED"}
{"ts":1770567265010,"action":"IDE_DEACTIVATED"}
{"ts":1770567266498,"action":"IDE_ACTIVATED"}
{"ts":1770567278606,"action":"IDE_DEACTIVATED"}
{"ts":1770567306608,"action":"IDE_ACTIVATED"}
{"ts":1770567307490,"action":"IDE_DEACTIVATED"}
{"ts":1770567345637,"action":"IDE_ACTIVATED"}
{"ts":1770567374014,"action":"FILE_CLOSED","file":"/src/基础算法和其他/哈希/LeetCode128_最长连续序列/Main.java","tags":{"FILE_LINE_OF_CODE":"43"}}
{"ts":1770567374014,"action":"FILE_OPENED","file":"/src/数据结构/线性数据结构/链表/LeetCode138_随机链表的复制/Main.java","tags":{"FILE_LINE_OF_CODE":"5"}}
{"ts":1770567375802,"action":"IDE_DEACTIVATED"}
{"ts":1770567385920,"action":"IDE_ACTIVATED"}
{"ts":1770567388757,"action":"IDE_DEACTIVATED"}
{"ts":1770567390932,"action":"IDE_ACTIVATED"}
{"ts":1770567394128,"action":"IDE_DEACTIVATED"}
{"ts":1770567397927,"action":"IDE_ACTIVATED"}
{"ts":1770567398725,"action":"IDE_DEACTIVATED"}
{"ts":1770567460246,"action":"IDE_ACTIVATED"}
{"ts":1770567461448,"action":"IDE_DEACTIVATED"}
{"ts":1770567527174,"action":"IDE_ACTIVATED"}
{"ts":1770567531675,"action":"IDE_DEACTIVATED"}
{"ts":1770567537838,"action":"IDE_ACTIVATED"}
{"ts":1770567548793,"action":"IDE_DEACTIVATED"}
{"ts":1770567551390,"action":"IDE_ACTIVATED"}
{"ts":1770567558164,"action":"IDE_DEACTIVATED"}
{"ts":1770567561185,"action":"IDE_ACTIVATED"}
{"ts":1770567596904,"action":"IDE_DEACTIVATED"}
{"ts":1770567600541,"action":"IDE_ACTIVATED"}
{"ts":1770567632659,"action":"IDE_DEACTIVATED"}
{"ts":1770567634374,"action":"IDE_ACTIVATED"}
{"ts":1770567647910,"action":"IDE_DEACTIVATED"}
{"ts":1770567650109,"action":"IDE_ACTIVATED"}
{"ts":1770567652742,"action":"IDE_DEACTIVATED"}
{"ts":1770567701423,"action":"IDE_ACTIVATED"}
{"ts":1770567722433,"action":"IDE_DEACTIVATED"}
{"ts":1770567727740,"action":"IDE_ACTIVATED"}
{"ts":1770567729443,"action":"IDE_DEACTIVATED"}
{"ts":1770567775401,"action":"IDE_ACTIVATED"}
{"ts":1770567780338,"action":"IDE_DEACTIVATED"}
{"ts":1770567781473,"action":"IDE_ACTIVATED"}
{"ts":1770567784645,"action":"IDE_DEACTIVATED"}
{"ts":1770567785392,"action":"IDE_ACTIVATED"}
{"ts":1770567791037,"action":"IDE_DEACTIVATED"}
{"ts":1770567825644,"action":"IDE_ACTIVATED"}
{"ts":1770567839845,"action":"IDE_DEACTIVATED"}
{"ts":1770567925795,"action":"IDE_ACTIVATED"}
{"ts":1770567927297,"action":"IDE_DEACTIVATED"}
{"ts":1770567943803,"action":"IDE_ACTIVATED"}
{"ts":1770567947374,"action":"IDE_DEACTIVATED"}
{"ts":1770567950338,"action":"IDE_ACTIVATED"}
{"ts":1770567952102,"action":"IDE_DEACTIVATED"}
{"ts":1770567954492,"action":"IDE_ACTIVATED"}
{"ts":1770567960730,"action":"IDE_DEACTIVATED"}
{"ts":1770567963934,"action":"IDE_ACTIVATED"}
{"ts":1770568014338,"action":"IDE_DEACTIVATED"}
{"ts":1770568015256,"action":"IDE_ACTIVATED"}
{"ts":1770568028645,"action":"IDE_DEACTIVATED"}
{"ts":1770568029501,"action":"IDE_ACTIVATED"}
{"ts":1770568047913,"action":"IDE_DEACTIVATED"}
{"ts":1770568049906,"action":"IDE_ACTIVATED"}
{"ts":1770568060514,"action":"IDE_DEACTIVATED"}
{"ts":1770568063854,"action":"IDE_ACTIVATED"}
{"ts":1770568083904,"action":"FILE_CLOSED","file":"/src/数据结构/线性数据结构/链表/LeetCode138_随机链表的复制/Main.java","tags":{"FILE_LINE_OF_CODE":"50"}}
{"ts":1770568083904,"action":"FILE_OPENED","file":"/src/基础算法和其他/哈希/LeetCode128_最长连续序列/Main.java","tags":{"FILE_LINE_OF_CODE":"43"}}
{"ts":1770568091782,"action":"FILE_CLOSED","file":"/src/基础算法和其他/哈希/LeetCode128_最长连续序列/Main.java","tags":{"FILE_LINE_OF_CODE":"43"}}
{"ts":1770568091782,"action":"FILE_OPENED","file":"/src/数据结构/线性数据结构/链表/LeetCode138_随机链表的复制/Main.java","tags":{"FILE_LINE_OF_CODE":"50"}}
{"ts":1770568122460,"action":"FILE_CLOSED","file":"/src/数据结构/线性数据结构/链表/LeetCode138_随机链表的复制/Main.java","tags":{"FILE_LINE_OF_CODE":"50"}}
{"ts":1770568122460,"action":"FILE_OPENED","file":"/src/基础算法和其他/哈希/LeetCode128_最长连续序列/Main.java","tags":{"FILE_LINE_OF_CODE":"43"}}
{"ts":1770568126026,"action":"FILE_CLOSED","file":"/src/基础算法和其他/哈希/LeetCode128_最长连续序列/Main.java","tags":{"FILE_LINE_OF_CODE":"43"}}
{"ts":1770568126026,"action":"FILE_OPENED","file":"/src/数据结构/线性数据结构/链表/LeetCode138_随机链表的复制/Main.java","tags":{"FILE_LINE_OF_CODE":"50"}}
{"ts":1770568166798,"action":"FILE_CLOSED","file":"/src/数据结构/线性数据结构/链表/LeetCode138_随机链表的复制/Main.java","tags":{"FILE_LINE_OF_CODE":"50"}}
{"ts":1770568166798,"action":"FILE_OPENED","file":"/src/基础算法和其他/哈希/LeetCode128_最长连续序列/Main.java","tags":{"FILE_LINE_OF_CODE":"43"}}
{"ts":1770568173971,"action":"FILE_CLOSED","file":"/src/基础算法和其他/哈希/LeetCode128_最长连续序列/Main.java","tags":{"FILE_LINE_OF_CODE":"43"}}
{"ts":1770568173971,"action":"FILE_OPENED","file":"/src/数据结构/线性数据结构/链表/LeetCode138_随机链表的复制/Main.java","tags":{"FILE_LINE_OF_CODE":"50"}}
{"ts":1770568214460,"action":"IDE_DEACTIVATED"}
{"ts":1770568279718,"action":"IDE_ACTIVATED"}
{"ts":1770568283578,"action":"IDE_DEACTIVATED"}
{"ts":1770568293105,"action":"IDE_ACTIVATED"}
{"ts":1770568295605,"action":"IDE_DEACTIVATED"}
{"ts":1770568298225,"action":"IDE_ACTIVATED"}
{"ts":1770568307247,"action":"IDE_DEACTIVATED"}
{"ts":1770568364883,"action":"IDE_ACTIVATED"}
{"ts":1770568376673,"action":"IDE_DEACTIVATED"}
{"ts":1770568392514,"action":"IDE_ACTIVATED"}
{"ts":1770568397204,"action":"IDE_DEACTIVATED"}
{"ts":1770568404356,"action":"IDE_ACTIVATED"}
{"ts":1770568423639,"action":"IDE_DEACTIVATED"}
{"ts":1770568426352,"action":"IDE_ACTIVATED"}
{"ts":1770568431757,"action":"IDE_DEACTIVATED"}
{"ts":1770568433684,"action":"IDE_ACTIVATED"}
{"ts":1770568451664,"action":"IDE_DEACTIVATED"}
{"ts":1770568452439,"action":"IDE_ACTIVATED"}
{"ts":1770568453021,"action":"IDE_DEACTIVATED"}
{"ts":1770568585216,"action":"IDE_ACTIVATED"}
{"ts":1770568586518,"action":"IDE_DEACTIVATED"}
{"ts":1770568588106,"action":"IDE_ACTIVATED"}
{"ts":1770568590684,"action":"IDE_DEACTIVATED"}
{"ts":1770568593265,"action":"IDE_ACTIVATED"}
{"ts":1770568621819,"action":"FILE_CLOSED","file":"/src/数据结构/线性数据结构/链表/LeetCode138_随机链表的复制/Main.java","tags":{"FILE_LINE_OF_CODE":"80"}}
{"ts":1770568621819,"action":"FILE_OPENED","file":"/src/搜索/BFS/subject/LeetCode207_课程表/Main.java","tags":{"FILE_LINE_OF_CODE":"5"}}
{"ts":1770568623918,"action":"IDE_DEACTIVATED"}
{"ts":1770568631566,"action":"IDE_ACTIVATED"}
{"ts":1770568633467,"action":"IDE_DEACTIVATED"}
{"ts":1770568647541,"action":"IDE_ACTIVATED"}
{"ts":1770568647754,"action":"IDE_DEACTIVATED"}
{"ts":1770568665688,"action":"IDE_ACTIVATED"}
{"ts":1770568666684,"action":"IDE_DEACTIVATED"}
{"ts":1770568671639,"action":"IDE_ACTIVATED"}
{"ts":1770568689564,"action":"IDE_DEACTIVATED"}
{"ts":1770568697037,"action":"IDE_ACTIVATED"}
{"ts":1770568709693,"action":"IDE_DEACTIVATED"}
{"ts":1770568714739,"action":"IDE_ACTIVATED"}
{"ts":1770568718437,"action":"IDE_DEACTIVATED"}
{"ts":1770568732347,"action":"IDE_ACTIVATED"}
{"ts":1770568746151,"action":"IDE_DEACTIVATED"}
{"ts":1770568747202,"action":"IDE_ACTIVATED"}
{"ts":1770568751207,"action":"IDE_DEACTIVATED"}
{"ts":1770568753184,"action":"IDE_ACTIVATED"}
{"ts":1770568758122,"action":"IDE_DEACTIVATED"}
{"ts":1770568758692,"action":"IDE_ACTIVATED"}
{"ts":1770568787150,"action":"IDE_DEACTIVATED"}
{"ts":1770568789186,"action":"IDE_ACTIVATED"}
{"ts":1770568790948,"action":"IDE_DEACTIVATED"}
{"ts":1770568791713,"action":"IDE_ACTIVATED"}
{"ts":1770568798066,"action":"IDE_DEACTIVATED"}
{"ts":1770568799704,"action":"IDE_ACTIVATED"}
{"ts":1770568814626,"action":"IDE_DEACTIVATED"}
{"ts":1770568815576,"action":"IDE_ACTIVATED"}
{"ts":1770568817962,"action":"IDE_DEACTIVATED"}
{"ts":1770568819364,"action":"IDE_ACTIVATED"}
{"ts":1770568829003,"action":"IDE_DEACTIVATED"}
{"ts":1770568835754,"action":"IDE_ACTIVATED"}
{"ts":1770568851612,"action":"IDE_DEACTIVATED"}
{"ts":1770568852828,"action":"IDE_ACTIVATED"}
{"ts":1770568903682,"action":"IDE_DEACTIVATED"}
{"ts":1770568906766,"action":"IDE_ACTIVATED"}
{"ts":1770568922203,"action":"IDE_DEACTIVATED"}
{"ts":1770568922729,"action":"IDE_ACTIVATED"}
{"ts":1770568948795,"action":"IDE_DEACTIVATED"}
{"ts":1770568949467,"action":"IDE_ACTIVATED"}
{"ts":1770568949929,"action":"IDE_DEACTIVATED"}
{"ts":1770568982176,"action":"IDE_ACTIVATED"}
{"ts":1770568991847,"action":"IDE_DEACTIVATED"}
{"ts":1770569076652,"action":"IDE_ACTIVATED"}
{"ts":1770569079693,"action":"PROJECT_CLOSED","tags":{"PROJECT_NAME":"Algorithm"}}
{"ts":1770605949864,"action":"FILE_OPENED","file":"/src/搜索/BFS/subject/LeetCode207_课程表/Main.java","tags":{"FILE_LINE_OF_CODE":"52"}}
{"ts":1770605951197,"action":"PROJECT_OPENED","tags":{"PROJECT_NAME":"Algorithm"}}
{"ts":1770605974467,"action":"IDE_DEACTIVATED"}
{"ts":1770606343861,"action":"IDE_ACTIVATED"}
{"ts":1770606345797,"action":"FILE_CLOSED","file":"/src/搜索/BFS/subject/LeetCode207_课程表/Main.java","tags":{"FILE_LINE_OF_CODE":"52"}}
{"ts":1770606345797,"action":"FILE_OPENED","file":"/src/Test.java","tags":{"FILE_LINE_OF_CODE":"40"}}
{"ts":1770606351011,"action":"IDE_DEACTIVATED"}
{"ts":1770606385428,"action":"IDE_ACTIVATED"}
{"ts":1770606388069,"action":"IDE_DEACTIVATED"}
{"ts":1770606389708,"action":"IDE_ACTIVATED"}
{"ts":1770606390181,"action":"IDE_DEACTIVATED"}
{"ts":1770606391735,"action":"IDE_ACTIVATED"}
{"ts":1770606394183,"action":"IDE_DEACTIVATED"}
{"ts":1770606396946,"action":"IDE_ACTIVATED"}
{"ts":1770606402019,"action":"IDE_DEACTIVATED"}
{"ts":1770606569792,"action":"IDE_ACTIVATED"}
{"ts":1770606591686,"action":"IDE_DEACTIVATED"}
{"ts":1770606601037,"action":"IDE_ACTIVATED"}
{"ts":1770606602587,"action":"IDE_DEACTIVATED"}
{"ts":1770607607417,"action":"IDE_ACTIVATED"}
{"ts":1770607610260,"action":"FILE_CLOSED","file":"/src/Test.java","tags":{"FILE_LINE_OF_CODE":"40"}}
{"ts":1770607623689,"action":"IDE_DEACTIVATED"}
{"ts":1770607627388,"action":"IDE_ACTIVATED"}
{"ts":1770607631236,"action":"IDE_DEACTIVATED"}
{"ts":1770607632840,"action":"IDE_ACTIVATED"}
{"ts":1770607634714,"action":"IDE_DEACTIVATED"}
{"ts":1770607636408,"action":"IDE_ACTIVATED"}
{"ts":1770607637527,"action":"IDE_DEACTIVATED"}
{"ts":1770613503558,"action":"IDE_ACTIVATED"}
{"ts":1770613538793,"action":"IDE_DEACTIVATED"}
{"ts":1770613540605,"action":"IDE_ACTIVATED"}
{"ts":1770613541801,"action":"IDE_DEACTIVATED"}
{"ts":1770613560765,"action":"IDE_ACTIVATED"}
{"ts":1770613570977,"action":"IDE_DEACTIVATED"}
{"ts":1770613572952,"action":"IDE_ACTIVATED"}
{"ts":1770613574073,"action":"IDE_DEACTIVATED"}
{"ts":1770613986505,"action":"IDE_ACTIVATED"}
{"ts":1770613998191,"action":"IDE_DEACTIVATED"}
{"ts":1770614010647,"action":"IDE_ACTIVATED"}
{"ts":1770614015534,"action":"IDE_DEACTIVATED"}
{"ts":1770614049608,"action":"IDE_ACTIVATED"}
{"ts":1770614064531,"action":"IDE_DEACTIVATED"}
{"ts":1770614119463,"action":"IDE_ACTIVATED"}
{"ts":1770614125855,"action":"IDE_DEACTIVATED"}
{"ts":1770614590176,"action":"IDE_ACTIVATED"}
{"ts":1770614659349,"action":"IDE_DEACTIVATED"}
{"ts":1770614789562,"action":"IDE_ACTIVATED"}
{"ts":1770614795954,"action":"IDE_DEACTIVATED"}
{"ts":1770614835208,"action":"IDE_ACTIVATED"}
{"ts":1770614849842,"action":"IDE_DEACTIVATED"}
{"ts":1770614850930,"action":"IDE_ACTIVATED"}
{"ts":1770614852197,"action":"IDE_DEACTIVATED"}
{"ts":1770614852976,"action":"IDE_ACTIVATED"}
{"ts":1770614858657,"action":"IDE_DEACTIVATED"}
{"ts":1770614861168,"action":"IDE_ACTIVATED"}
{"ts":1770614863219,"action":"IDE_DEACTIVATED"}
{"ts":1770614868859,"action":"IDE_ACTIVATED"}
{"ts":1770614879375,"action":"IDE_DEACTIVATED"}
{"ts":1770614881512,"action":"IDE_ACTIVATED"}
{"ts":1770614882936,"action":"IDE_DEACTIVATED"}
{"ts":1770614892101,"action":"IDE_ACTIVATED"}
{"ts":1770614898607,"action":"IDE_DEACTIVATED"}
{"ts":1770614900418,"action":"IDE_ACTIVATED"}
{"ts":1770614901721,"action":"IDE_DEACTIVATED"}
{"ts":1770615567029,"action":"IDE_ACTIVATED"}
{"ts":1770615571737,"action":"IDE_DEACTIVATED"}
{"ts":1770616706345,"action":"IDE_ACTIVATED"}
{"ts":1770616709961,"action":"IDE_DEACTIVATED"}
{"ts":1770616715503,"action":"IDE_ACTIVATED"}
{"ts":1770616719976,"action":"IDE_DEACTIVATED"}
{"ts":1770616722836,"action":"IDE_ACTIVATED"}
{"ts":1770616727815,"action":"IDE_DEACTIVATED"}
{"ts":1770616742484,"action":"IDE_ACTIVATED"}
{"ts":1770616744912,"action":"IDE_DEACTIVATED"}
{"ts":1770616746698,"action":"IDE_ACTIVATED"}
{"ts":1770616751050,"action":"IDE_DEACTIVATED"}
{"ts":1770617134905,"action":"IDE_ACTIVATED"}
{"ts":1770617157520,"action":"IDE_DEACTIVATED"}
{"ts":1770617160147,"action":"IDE_ACTIVATED"}
{"ts":1770617162058,"action":"IDE_DEACTIVATED"}
{"ts":1770617231745,"action":"IDE_ACTIVATED"}
{"ts":1770617234375,"action":"IDE_DEACTIVATED"}
{"ts":1770617366127,"action":"IDE_ACTIVATED"}
{"ts":1770617368484,"action":"IDE_DEACTIVATED"}
{"ts":1770617371903,"action":"IDE_ACTIVATED"}
{"ts":1770617373034,"action":"IDE_DEACTIVATED"}
{"ts":1770617412623,"action":"IDE_ACTIVATED"}
{"ts":1770617414813,"action":"IDE_DEACTIVATED"}
{"ts":1770617416459,"action":"IDE_ACTIVATED"}
{"ts":1770617418367,"action":"IDE_DEACTIVATED"}
{"ts":1770617433572,"action":"IDE_ACTIVATED"}
{"ts":1770617434916,"action":"IDE_DEACTIVATED"}
{"ts":1770617436825,"action":"IDE_ACTIVATED"}
{"ts":1770617438801,"action":"IDE_DEACTIVATED"}
{"ts":1770617599553,"action":"IDE_ACTIVATED"}
{"ts":1770617606011,"action":"IDE_DEACTIVATED"}
{"ts":1770617607748,"action":"IDE_ACTIVATED"}
{"ts":1770617608830,"action":"IDE_DEACTIVATED"}
{"ts":1770617655421,"action":"IDE_ACTIVATED"}
{"ts":1770617658862,"action":"IDE_DEACTIVATED"}
{"ts":1770617660995,"action":"IDE_ACTIVATED"}
{"ts":1770617663483,"action":"IDE_DEACTIVATED"}
{"ts":1770617665265,"action":"IDE_ACTIVATED"}
{"ts":1770617666939,"action":"IDE_DEACTIVATED"}
{"ts":1770617723661,"action":"IDE_ACTIVATED"}
{"ts":1770617727490,"action":"IDE_DEACTIVATED"}
{"ts":1770617730946,"action":"IDE_ACTIVATED"}
{"ts":1770617732211,"action":"IDE_DEACTIVATED"}
{"ts":1770617795831,"action":"IDE_ACTIVATED"}
{"ts":1770617799599,"action":"IDE_DEACTIVATED"}
{"ts":1770617800729,"action":"IDE_ACTIVATED"}
{"ts":1770617801025,"action":"IDE_DEACTIVATED"}
{"ts":1770617803093,"action":"IDE_ACTIVATED"}
{"ts":1770617808839,"action":"IDE_DEACTIVATED"}
{"ts":1770617930959,"action":"IDE_ACTIVATED"}
{"ts":1770617945587,"action":"IDE_DEACTIVATED"}
{"ts":1770618228799,"action":"IDE_ACTIVATED"}
{"ts":1770618230378,"action":"IDE_DEACTIVATED"}
{"ts":1770618232917,"action":"IDE_ACTIVATED"}
{"ts":1770618233806,"action":"IDE_DEACTIVATED"}
{"ts":1770618298053,"action":"IDE_ACTIVATED"}
{"ts":1770618302454,"action":"IDE_DEACTIVATED"}
{"ts":1770618304830,"action":"IDE_ACTIVATED"}
{"ts":1770618306209,"action":"IDE_DEACTIVATED"}
{"ts":1770618317567,"action":"IDE_ACTIVATED"}
{"ts":1770618318873,"action":"IDE_DEACTIVATED"}
{"ts":1770618321195,"action":"IDE_ACTIVATED"}
{"ts":1770618322663,"action":"IDE_DEACTIVATED"}
{"ts":1770618323297,"action":"IDE_ACTIVATED"}
{"ts":1770618323391,"action":"IDE_DEACTIVATED"}
{"ts":1770618425766,"action":"IDE_ACTIVATED"}
{"ts":1770618429076,"action":"IDE_DEACTIVATED"}
{"ts":1770618431160,"action":"IDE_ACTIVATED"}
{"ts":1770618447563,"action":"IDE_DEACTIVATED"}
{"ts":1770618448072,"action":"IDE_ACTIVATED"}
{"ts":1770618448180,"action":"IDE_DEACTIVATED"}
{"ts":1770618453393,"action":"IDE_ACTIVATED"}
{"ts":1770618453691,"action":"IDE_DEACTIVATED"}
{"ts":1770618455717,"action":"IDE_ACTIVATED"}
{"ts":1770618456414,"action":"IDE_DEACTIVATED"}
{"ts":1770618456950,"action":"IDE_ACTIVATED"}
{"ts":1770618457054,"action":"IDE_DEACTIVATED"}
{"ts":1770618534719,"action":"IDE_ACTIVATED"}
{"ts":1770618539328,"action":"IDE_DEACTIVATED"}
{"ts":1770618546313,"action":"IDE_ACTIVATED"}
{"ts":1770618548978,"action":"IDE_DEACTIVATED"}
{"ts":1770618679317,"action":"IDE_ACTIVATED"}
{"ts":1770618679948,"action":"IDE_DEACTIVATED"}
{"ts":1770618685163,"action":"IDE_ACTIVATED"}
{"ts":1770618687291,"action":"IDE_DEACTIVATED"}
{"ts":1770618734807,"action":"IDE_ACTIVATED"}
{"ts":1770618737644,"action":"IDE_DEACTIVATED"}
{"ts":1770618739062,"action":"IDE_ACTIVATED"}
{"ts":1770618740050,"action":"IDE_DEACTIVATED"}
{"ts":1770618798122,"action":"IDE_ACTIVATED"}
{"ts":1770618799992,"action":"IDE_DEACTIVATED"}
{"ts":1770618801184,"action":"IDE_ACTIVATED"}
{"ts":1770618801448,"action":"IDE_DEACTIVATED"}
{"ts":1770618803143,"action":"IDE_ACTIVATED"}
{"ts":1770618804797,"action":"IDE_DEACTIVATED"}
{"ts":1770618806973,"action":"IDE_ACTIVATED"}
{"ts":1770618812079,"action":"IDE_DEACTIVATED"}
{"ts":1770618840909,"action":"IDE_ACTIVATED"}
{"ts":1770618844401,"action":"IDE_DEACTIVATED"}
{"ts":1770618846044,"action":"IDE_ACTIVATED"}
{"ts":1770618847134,"action":"IDE_DEACTIVATED"}
{"ts":1770618967070,"action":"IDE_ACTIVATED"}
{"ts":1770618971997,"action":"IDE_DEACTIVATED"}
{"ts":1770618979556,"action":"IDE_ACTIVATED"}
{"ts":1770618981044,"action":"IDE_DEACTIVATED"}
{"ts":1770619380686,"action":"IDE_ACTIVATED"}
{"ts":1770619382949,"action":"PROJECT_CLOSED","tags":{"PROJECT_NAME":"Algorithm"}}
{"ts":1770641320339,"action":"IDE_DEACTIVATED"}
{"ts":1770641324340,"action":"PROJECT_OPENED","tags":{"PROJECT_NAME":"Algorithm"}}
{"ts":1770641356365,"action":"IDE_ACTIVATED"}
{"ts":1770641359543,"action":"IDE_DEACTIVATED"}
{"ts":1770641362439,"action":"IDE_ACTIVATED"}
{"ts":1770641368959,"action":"IDE_DEACTIVATED"}
{"ts":1770641372857,"action":"IDE_ACTIVATED"}
{"ts":1770641373188,"action":"IDE_DEACTIVATED"}
{"ts":1770641375275,"action":"IDE_ACTIVATED"}
{"ts":1770641379996,"action":"IDE_DEACTIVATED"}
{"ts":1770641556753,"action":"IDE_ACTIVATED"}
{"ts":1770641557212,"action":"IDE_DEACTIVATED"}
{"ts":1770641612899,"action":"IDE_ACTIVATED"}
{"ts":1770641631904,"action":"IDE_DEACTIVATED"}
{"ts":1770641642647,"action":"IDE_ACTIVATED"}
{"ts":1770641646068,"action":"IDE_DEACTIVATED"}
{"ts":1770641662622,"action":"IDE_ACTIVATED"}
{"ts":1770641663492,"action":"IDE_DEACTIVATED"}
{"ts":1770641847709,"action":"IDE_ACTIVATED"}
{"ts":1770641850400,"action":"FILE_OPENED","file":"/src/Test.java","tags":{"FILE_LINE_OF_CODE":"40"}}
{"ts":1770641881143,"action":"IDE_DEACTIVATED"}
{"ts":1770641891035,"action":"IDE_ACTIVATED"}
{"ts":1770641900317,"action":"IDE_DEACTIVATED"}
{"ts":1770641903473,"action":"IDE_ACTIVATED"}
{"ts":1770641920574,"action":"IDE_DEACTIVATED"}
{"ts":1770641922494,"action":"IDE_ACTIVATED"}
{"ts":1770641922700,"action":"IDE_DEACTIVATED"}
{"ts":1770641975420,"action":"IDE_ACTIVATED"}
{"ts":1770641977314,"action":"IDE_DEACTIVATED"}
{"ts":1770642965413,"action":"IDE_ACTIVATED"}
{"ts":1770642965726,"action":"IDE_DEACTIVATED"}
{"ts":1770642966680,"action":"IDE_ACTIVATED"}
{"ts":1770642967126,"action":"IDE_DEACTIVATED"}
{"ts":1770642967776,"action":"IDE_ACTIVATED"}
{"ts":1770642969107,"action":"PROJECT_CLOSED","tags":{"PROJECT_NAME":"Algorithm"}}
{"ts":1770654399360,"action":"FILE_OPENED","file":"/src/Test.java","tags":{"FILE_LINE_OF_CODE":"87"}}
{"ts":1770654400774,"action":"PROJECT_OPENED","tags":{"PROJECT_NAME":"Algorithm"}}
{"ts":1770654408896,"action":"IDE_DEACTIVATED"}
{"ts":1770654418566,"action":"IDE_ACTIVATED"}
{"ts":1770654465803,"action":"FILE_CLOSED","file":"/src/Test.java","tags":{"FILE_LINE_OF_CODE":"87"}}
{"ts":1770654465803,"action":"FILE_OPENED","file":"/src/基础算法和其他/前缀和/subject/LeetCode3719_最长平衡子数组I/Main.java","tags":{"FILE_LINE_OF_CODE":"5"}}
{"ts":1770654467711,"action":"IDE_DEACTIVATED"}
{"ts":1770654493189,"action":"IDE_ACTIVATED"}
{"ts":1770654497477,"action":"IDE_DEACTIVATED"}
{"ts":1770654540536,"action":"IDE_ACTIVATED"}
{"ts":1770654541289,"action":"IDE_DEACTIVATED"}
{"ts":1770654580497,"action":"IDE_ACTIVATED"}
{"ts":1770654582305,"action":"IDE_DEACTIVATED"}
{"ts":1770654601384,"action":"IDE_ACTIVATED"}
{"ts":1770654602805,"action":"IDE_DEACTIVATED"}
{"ts":1770654617748,"action":"IDE_ACTIVATED"}
{"ts":1770654620165,"action":"IDE_DEACTIVATED"}
{"ts":1770654642260,"action":"IDE_ACTIVATED"}
{"ts":1770654650675,"action":"IDE_DEACTIVATED"}
{"ts":1770654653805,"action":"IDE_ACTIVATED"}
{"ts":1770654668639,"action":"IDE_DEACTIVATED"}
{"ts":1770654715254,"action":"IDE_ACTIVATED"}
{"ts":1770654718362,"action":"IDE_DEACTIVATED"}
{"ts":1770654723452,"action":"IDE_ACTIVATED"}
{"ts":1770654728984,"action":"IDE_DEACTIVATED"}
{"ts":1770654732691,"action":"IDE_ACTIVATED"}
{"ts":1770654734007,"action":"IDE_DEACTIVATED"}
{"ts":1770654741866,"action":"IDE_ACTIVATED"}
{"ts":1770654756965,"action":"IDE_DEACTIVATED"}
{"ts":1770654757960,"action":"IDE_ACTIVATED"}
{"ts":1770654779432,"action":"IDE_DEACTIVATED"}
{"ts":1770654791546,"action":"IDE_ACTIVATED"}
{"ts":1770654806554,"action":"IDE_DEACTIVATED"}
{"ts":1770654818093,"action":"IDE_ACTIVATED"}
{"ts":1770654824930,"action":"IDE_DEACTIVATED"}
{"ts":1770654825524,"action":"IDE_ACTIVATED"}
{"ts":1770654827043,"action":"IDE_DEACTIVATED"}
{"ts":1770654828518,"action":"IDE_ACTIVATED"}
{"ts":1770654832320,"action":"IDE_DEACTIVATED"}
{"ts":1770654833412,"action":"IDE_ACTIVATED"}
{"ts":1770654834804,"action":"IDE_DEACTIVATED"}
{"ts":1770654853036,"action":"IDE_ACTIVATED"}
{"ts":1770654854837,"action":"IDE_DEACTIVATED"}
{"ts":1770654857249,"action":"IDE_ACTIVATED"}
{"ts":1770654858339,"action":"IDE_DEACTIVATED"}
{"ts":1770654873356,"action":"IDE_ACTIVATED"}
{"ts":1770654877043,"action":"IDE_DEACTIVATED"}
{"ts":1770654880053,"action":"IDE_ACTIVATED"}
{"ts":1770654882073,"action":"IDE_DEACTIVATED"}
{"ts":1770654896660,"action":"IDE_ACTIVATED"}
{"ts":1770654898229,"action":"IDE_DEACTIVATED"}
{"ts":1770654906218,"action":"IDE_ACTIVATED"}
{"ts":1770654908310,"action":"IDE_DEACTIVATED"}
{"ts":1770654991868,"action":"IDE_ACTIVATED"}
{"ts":1770654993058,"action":"IDE_DEACTIVATED"}
{"ts":1770655021835,"action":"IDE_ACTIVATED"}
{"ts":1770655022461,"action":"IDE_DEACTIVATED"}
{"ts":1770655023377,"action":"IDE_ACTIVATED"}
{"ts":1770655024204,"action":"IDE_DEACTIVATED"}
{"ts":1770655025133,"action":"IDE_ACTIVATED"}
{"ts":1770655026218,"action":"IDE_DEACTIVATED"}
{"ts":1770655026830,"action":"IDE_ACTIVATED"}
{"ts":1770655028068,"action":"IDE_DEACTIVATED"}
{"ts":1770655031395,"action":"IDE_ACTIVATED"}
{"ts":1770655040022,"action":"IDE_DEACTIVATED"}
{"ts":1770655040673,"action":"IDE_ACTIVATED"}
{"ts":1770655046018,"action":"IDE_DEACTIVATED"}
{"ts":1770655047112,"action":"IDE_ACTIVATED"}
{"ts":1770655052982,"action":"IDE_DEACTIVATED"}
{"ts":1770655054248,"action":"IDE_ACTIVATED"}
{"ts":1770655059019,"action":"IDE_DEACTIVATED"}
{"ts":1770655060763,"action":"IDE_ACTIVATED"}
{"ts":1770655061426,"action":"IDE_DEACTIVATED"}
{"ts":1770655071490,"action":"IDE_ACTIVATED"}
{"ts":1770655078482,"action":"IDE_DEACTIVATED"}
{"ts":1770655080140,"action":"IDE_ACTIVATED"}
{"ts":1770655089154,"action":"IDE_DEACTIVATED"}
{"ts":1770655089719,"action":"IDE_ACTIVATED"}
{"ts":1770655096459,"action":"IDE_DEACTIVATED"}
{"ts":1770655097395,"action":"IDE_ACTIVATED"}
{"ts":1770655098104,"action":"IDE_DEACTIVATED"}
{"ts":1770655111519,"action":"IDE_ACTIVATED"}
{"ts":1770655111924,"action":"IDE_DEACTIVATED"}
{"ts":1770655208486,"action":"IDE_ACTIVATED"}
{"ts":1770655209453,"action":"IDE_DEACTIVATED"}
{"ts":1770655217991,"action":"IDE_ACTIVATED"}
{"ts":1770655218917,"action":"IDE_DEACTIVATED"}
{"ts":1770655223952,"action":"IDE_ACTIVATED"}
{"ts":1770655225608,"action":"IDE_DEACTIVATED"}
{"ts":1770655267943,"action":"IDE_ACTIVATED"}
{"ts":1770655275245,"action":"IDE_DEACTIVATED"}
{"ts":1770655275600,"action":"IDE_ACTIVATED"}
{"ts":1770655275993,"action":"IDE_DEACTIVATED"}
{"ts":1770655279015,"action":"IDE_ACTIVATED"}
{"ts":1770655300772,"action":"IDE_DEACTIVATED"}
{"ts":1770655301491,"action":"IDE_ACTIVATED"}
{"ts":1770655305522,"action":"IDE_DEACTIVATED"}
{"ts":1770655307708,"action":"IDE_ACTIVATED"}
{"ts":1770655318235,"action":"IDE_DEACTIVATED"}
{"ts":1770655320013,"action":"IDE_ACTIVATED"}
{"ts":1770655323649,"action":"IDE_DEACTIVATED"}
{"ts":1770655358581,"action":"IDE_ACTIVATED"}
{"ts":1770655360544,"action":"IDE_DEACTIVATED"}
{"ts":1770655655670,"action":"IDE_ACTIVATED"}
{"ts":1770655659908,"action":"IDE_DEACTIVATED"}
{"ts":1770655670699,"action":"IDE_ACTIVATED"}
{"ts":1770655676066,"action":"IDE_DEACTIVATED"}
{"ts":1770655682755,"action":"IDE_ACTIVATED"}
{"ts":1770655711039,"action":"FILE_CLOSED","file":"/src/基础算法和其他/哈希/LeetCode3719_最长平衡子数组I/Main.java","tags":{"FILE_LINE_OF_CODE":"40"}}
{"ts":1770655711039,"action":"FILE_OPENED","file":"/src/基础算法和其他/前缀和/subject/LeetCode560_和为K的子数组/Main.java","tags":{"FILE_LINE_OF_CODE":"5"}}
{"ts":1770655713358,"action":"IDE_DEACTIVATED"}
{"ts":1770655714644,"action":"IDE_ACTIVATED"}
{"ts":1770655760519,"action":"IDE_DEACTIVATED"}
{"ts":1770655765190,"action":"IDE_ACTIVATED"}
{"ts":1770655780064,"action":"IDE_DEACTIVATED"}
{"ts":1770655788431,"action":"IDE_ACTIVATED"}
{"ts":1770655790792,"action":"IDE_DEACTIVATED"}
{"ts":1770655797192,"action":"IDE_ACTIVATED"}
{"ts":1770655808848,"action":"IDE_DEACTIVATED"}
{"ts":1770655809426,"action":"IDE_ACTIVATED"}
{"ts":1770655818913,"action":"IDE_DEACTIVATED"}
{"ts":1770655827671,"action":"IDE_ACTIVATED"}
{"ts":1770655835961,"action":"IDE_DEACTIVATED"}
{"ts":1770655839240,"action":"IDE_ACTIVATED"}
{"ts":1770655868410,"action":"IDE_DEACTIVATED"}
{"ts":1770655870426,"action":"IDE_ACTIVATED"}
{"ts":1770655892677,"action":"IDE_DEACTIVATED"}
{"ts":1770655894448,"action":"IDE_ACTIVATED"}
{"ts":1770655904855,"action":"IDE_DEACTIVATED"}
{"ts":1770655907056,"action":"IDE_ACTIVATED"}
{"ts":1770655922928,"action":"IDE_DEACTIVATED"}
{"ts":1770655923592,"action":"IDE_ACTIVATED"}
{"ts":1770655955209,"action":"IDE_DEACTIVATED"}
{"ts":1770655957125,"action":"IDE_ACTIVATED"}
{"ts":1770655971748,"action":"IDE_DEACTIVATED"}
{"ts":1770655973578,"action":"IDE_ACTIVATED"}
{"ts":1770655974067,"action":"IDE_DEACTIVATED"}
{"ts":1770656032405,"action":"IDE_ACTIVATED"}
{"ts":1770656129489,"action":"IDE_DEACTIVATED"}
{"ts":1770656133162,"action":"IDE_ACTIVATED"}
{"ts":1770656162883,"action":"FILE_CLOSED","file":"/src/基础算法和其他/前缀和/subject/LeetCode560_和为K的子数组/Main.java","tags":{"FILE_LINE_OF_CODE":"36"}}
{"ts":1770656162883,"action":"FILE_OPENED","file":"/src/数据结构/线性数据结构/单调队列/subject/滑动窗口/LeetCode438_找到字符串中所有字母异位词/Main.java","tags":{"FILE_LINE_OF_CODE":"5"}}
{"ts":1770656164611,"action":"IDE_DEACTIVATED"}
{"ts":1770656166681,"action":"IDE_ACTIVATED"}
{"ts":1770656172699,"action":"IDE_DEACTIVATED"}
{"ts":1770657814737,"action":"IDE_ACTIVATED"}
{"ts":1770657817631,"action":"IDE_DEACTIVATED"}
{"ts":1770657862153,"action":"IDE_ACTIVATED"}
{"ts":1770658025554,"action":"IDE_DEACTIVATED"}
{"ts":1770658046835,"action":"IDE_ACTIVATED"}
{"ts":1770658047829,"action":"IDE_DEACTIVATED"}
{"ts":1770658063040,"action":"IDE_ACTIVATED"}
{"ts":1770658070031,"action":"IDE_DEACTIVATED"}
{"ts":1770658072869,"action":"IDE_ACTIVATED"}
{"ts":1770658079850,"action":"IDE_DEACTIVATED"}
{"ts":1770658081793,"action":"IDE_ACTIVATED"}
{"ts":1770658093550,"action":"IDE_DEACTIVATED"}
{"ts":1770658096051,"action":"IDE_ACTIVATED"}
{"ts":1770658106014,"action":"IDE_DEACTIVATED"}
{"ts":1770658109104,"action":"IDE_ACTIVATED"}
{"ts":1770658114734,"action":"IDE_DEACTIVATED"}
{"ts":1770658116213,"action":"IDE_ACTIVATED"}
{"ts":1770658126884,"action":"IDE_DEACTIVATED"}
{"ts":1770658128145,"action":"IDE_ACTIVATED"}
{"ts":1770658147765,"action":"IDE_DEACTIVATED"}
{"ts":1770658153642,"action":"IDE_ACTIVATED"}
{"ts":1770658168990,"action":"IDE_DEACTIVATED"}
{"ts":1770658173123,"action":"IDE_ACTIVATED"}
{"ts":1770658186352,"action":"IDE_DEACTIVATED"}
{"ts":1770658190921,"action":"IDE_ACTIVATED"}
{"ts":1770658214743,"action":"IDE_DEACTIVATED"}
{"ts":1770658219691,"action":"IDE_ACTIVATED"}
{"ts":1770658223132,"action":"IDE_DEACTIVATED"}
{"ts":1770658224584,"action":"IDE_ACTIVATED"}
{"ts":1770658228376,"action":"IDE_DEACTIVATED"}
{"ts":1770658237034,"action":"IDE_ACTIVATED"}
{"ts":1770658240140,"action":"IDE_DEACTIVATED"}
{"ts":1770658245852,"action":"IDE_ACTIVATED"}
{"ts":1770658257213,"action":"IDE_DEACTIVATED"}
{"ts":1770658258676,"action":"IDE_ACTIVATED"}
{"ts":1770658263725,"action":"IDE_DEACTIVATED"}
{"ts":1770658265087,"action":"IDE_ACTIVATED"}
{"ts":1770658267180,"action":"IDE_DEACTIVATED"}
{"ts":1770658271855,"action":"IDE_ACTIVATED"}
{"ts":1770658277096,"action":"IDE_DEACTIVATED"}
{"ts":1770658289919,"action":"IDE_ACTIVATED"}
{"ts":1770658292509,"action":"IDE_DEACTIVATED"}
{"ts":1770658298202,"action":"IDE_ACTIVATED"}
{"ts":1770658322355,"action":"IDE_DEACTIVATED"}
{"ts":1770658325575,"action":"IDE_ACTIVATED"}
{"ts":1770658348673,"action":"IDE_DEACTIVATED"}
{"ts":1770658354579,"action":"IDE_ACTIVATED"}
{"ts":1770658365882,"action":"IDE_DEACTIVATED"}
{"ts":1770658367401,"action":"IDE_ACTIVATED"}
{"ts":1770658381001,"action":"IDE_DEACTIVATED"}
{"ts":1770658401501,"action":"IDE_ACTIVATED"}
{"ts":1770658445830,"action":"IDE_DEACTIVATED"}
{"ts":1770659003919,"action":"IDE_ACTIVATED"}
{"ts":1770659006035,"action":"PROJECT_CLOSED","tags":{"PROJECT_NAME":"Algorithm"}}
{"ts":1770694878971,"action":"FILE_OPENED","file":"/src/数据结构/线性数据结构/单调队列/subject/滑动窗口/LeetCode438_找到字符串中所有字母异位词/Main.java","tags":{"FILE_LINE_OF_CODE":"58"}}
{"ts":1770694880279,"action":"PROJECT_OPENED","tags":{"PROJECT_NAME":"Algorithm"}}
{"ts":1770695087475,"action":"FILE_CLOSED","file":"/src/数据结构/线性数据结构/单调队列/subject/滑动窗口/LeetCode438_找到字符串中所有字母异位词/Main.java","tags":{"FILE_LINE_OF_CODE":"58"}}
{"ts":1770695092285,"action":"IDE_DEACTIVATED"}
{"ts":1770695180045,"action":"IDE_ACTIVATED"}
{"ts":1770695185191,"action":"IDE_DEACTIVATED"}
{"ts":1770695188650,"action":"IDE_ACTIVATED"}
{"ts":1770695189696,"action":"IDE_DEACTIVATED"}
{"ts":1770695194286,"action":"IDE_ACTIVATED"}
{"ts":1770695200726,"action":"IDE_DEACTIVATED"}
{"ts":1770695202145,"action":"IDE_ACTIVATED"}
{"ts":1770695213105,"action":"IDE_DEACTIVATED"}
{"ts":1770695213725,"action":"IDE_ACTIVATED"}
{"ts":1770695239230,"action":"IDE_DEACTIVATED"}
{"ts":1770695241953,"action":"IDE_ACTIVATED"}
{"ts":1770695245027,"action":"IDE_DEACTIVATED"}
{"ts":1770695302568,"action":"IDE_ACTIVATED"}
{"ts":1770695313975,"action":"IDE_DEACTIVATED"}
{"ts":1770695319246,"action":"IDE_ACTIVATED"}
{"ts":1770695320850,"action":"IDE_DEACTIVATED"}
{"ts":1770695593942,"action":"IDE_ACTIVATED"}
{"ts":1770695605668,"action":"IDE_DEACTIVATED"}
{"ts":1770695830333,"action":"IDE_ACTIVATED"}
{"ts":1770695855297,"action":"IDE_DEACTIVATED"}
{"ts":1770695890829,"action":"IDE_ACTIVATED"}
{"ts":1770695892179,"action":"IDE_DEACTIVATED"}
{"ts":1770696516834,"action":"IDE_ACTIVATED"}
{"ts":1770696529542,"action":"IDE_DEACTIVATED"}
{"ts":1770696533600,"action":"IDE_ACTIVATED"}
{"ts":1770696548752,"action":"IDE_DEACTIVATED"}
{"ts":1770696732331,"action":"IDE_ACTIVATED"}
{"ts":1770696737743,"action":"IDE_DEACTIVATED"}
{"ts":1770696743424,"action":"IDE_ACTIVATED"}
{"ts":1770696744136,"action":"IDE_DEACTIVATED"}
{"ts":1770696748095,"action":"IDE_ACTIVATED"}
{"ts":1770696748276,"action":"IDE_DEACTIVATED"}
{"ts":1770696937279,"action":"IDE_ACTIVATED"}
{"ts":1770696945655,"action":"IDE_DEACTIVATED"}
{"ts":1770697400471,"action":"IDE_ACTIVATED"}
{"ts":1770697404311,"action":"IDE_DEACTIVATED"}
{"ts":1770700998283,"action":"IDE_ACTIVATED"}
{"ts":1770701001931,"action":"IDE_DEACTIVATED"}
{"ts":1770701005494,"action":"IDE_ACTIVATED"}
{"ts":1770701006301,"action":"IDE_DEACTIVATED"}
{"ts":1770701009853,"action":"IDE_ACTIVATED"}
{"ts":1770701010876,"action":"IDE_DEACTIVATED"}
{"ts":1770701012878,"action":"IDE_ACTIVATED"}
{"ts":1770701013763,"action":"IDE_DEACTIVATED"}
{"ts":1770701016794,"action":"IDE_ACTIVATED"}
{"ts":1770701017881,"action":"IDE_DEACTIVATED"}
{"ts":1770701021494,"action":"IDE_ACTIVATED"}
{"ts":1770701022450,"action":"IDE_DEACTIVATED"}
{"ts":1770701027723,"action":"IDE_ACTIVATED"}
{"ts":1770701029055,"action":"IDE_DEACTIVATED"}
{"ts":1770701031290,"action":"IDE_ACTIVATED"}
{"ts":1770701052050,"action":"IDE_DEACTIVATED"}
{"ts":1770702869383,"action":"IDE_ACTIVATED"}
{"ts":1770702875793,"action":"IDE_DEACTIVATED"}
{"ts":1770702952216,"action":"IDE_ACTIVATED"}
{"ts":1770702953189,"action":"IDE_DEACTIVATED"}
{"ts":1770702963494,"action":"IDE_ACTIVATED"}
{"ts":1770702963630,"action":"IDE_DEACTIVATED"}
{"ts":1770702965990,"action":"IDE_ACTIVATED"}
{"ts":1770702968492,"action":"IDE_DEACTIVATED"}
{"ts":1770702980308,"action":"IDE_ACTIVATED"}
{"ts":1770702988043,"action":"IDE_DEACTIVATED"}
{"ts":1770702989422,"action":"IDE_ACTIVATED"}
{"ts":1770702989595,"action":"IDE_DEACTIVATED"}
{"ts":1770702990384,"action":"IDE_ACTIVATED"}
{"ts":1770702991408,"action":"IDE_DEACTIVATED"}
{"ts":1770703083541,"action":"IDE_ACTIVATED"}
{"ts":1770703099579,"action":"IDE_DEACTIVATED"}
{"ts":1770703101087,"action":"IDE_ACTIVATED"}
{"ts":1770703101354,"action":"IDE_DEACTIVATED"}
{"ts":1770703151144,"action":"IDE_ACTIVATED"}
{"ts":1770703166814,"action":"IDE_DEACTIVATED"}
{"ts":1770703169334,"action":"IDE_ACTIVATED"}
{"ts":1770703169836,"action":"IDE_DEACTIVATED"}
{"ts":1770703172082,"action":"IDE_ACTIVATED"}
{"ts":1770703173130,"action":"IDE_DEACTIVATED"}
{"ts":1770703223128,"action":"IDE_ACTIVATED"}
{"ts":1770703274329,"action":"IDE_DEACTIVATED"}
{"ts":1770703302894,"action":"IDE_ACTIVATED"}
{"ts":1770703304240,"action":"IDE_DEACTIVATED"}
{"ts":1770703306251,"action":"IDE_ACTIVATED"}
{"ts":1770703318382,"action":"IDE_DEACTIVATED"}
{"ts":1770703321903,"action":"IDE_ACTIVATED"}
{"ts":1770703331744,"action":"IDE_DEACTIVATED"}
{"ts":1770703342015,"action":"IDE_ACTIVATED"}
{"ts":1770703350275,"action":"IDE_DEACTIVATED"}
{"ts":1770703353792,"action":"IDE_ACTIVATED"}
{"ts":1770703375364,"action":"IDE_DEACTIVATED"}
{"ts":1770703377644,"action":"IDE_ACTIVATED"}
{"ts":1770703379608,"action":"IDE_DEACTIVATED"}
{"ts":1770703386456,"action":"IDE_ACTIVATED"}
{"ts":1770703397186,"action":"IDE_DEACTIVATED"}
{"ts":1770703401489,"action":"IDE_ACTIVATED"}
{"ts":1770703448910,"action":"IDE_DEACTIVATED"}
{"ts":1770703449192,"action":"IDE_ACTIVATED"}
{"ts":1770703450086,"action":"IDE_DEACTIVATED"}
{"ts":1770703452794,"action":"IDE_ACTIVATED"}
{"ts":1770703459529,"action":"IDE_DEACTIVATED"}
{"ts":1770703463260,"action":"IDE_ACTIVATED"}
{"ts":1770703466783,"action":"IDE_DEACTIVATED"}
{"ts":1770703469125,"action":"IDE_ACTIVATED"}
{"ts":1770703469822,"action":"IDE_DEACTIVATED"}
{"ts":1770703471242,"action":"IDE_ACTIVATED"}
{"ts":1770703472822,"action":"IDE_DEACTIVATED"}
{"ts":1770703475917,"action":"IDE_ACTIVATED"}
{"ts":1770703482787,"action":"IDE_DEACTIVATED"}
{"ts":1770703542865,"action":"IDE_ACTIVATED"}
{"ts":1770703544013,"action":"IDE_DEACTIVATED"}
{"ts":1770703547610,"action":"IDE_ACTIVATED"}
{"ts":1770703553770,"action":"IDE_DEACTIVATED"}
{"ts":1770703555236,"action":"IDE_ACTIVATED"}
{"ts":1770703556353,"action":"IDE_DEACTIVATED"}
{"ts":1770703663776,"action":"IDE_ACTIVATED"}
{"ts":1770703682997,"action":"IDE_DEACTIVATED"}
{"ts":1770703690472,"action":"IDE_ACTIVATED"}
{"ts":1770703690852,"action":"IDE_DEACTIVATED"}
{"ts":1770703692955,"action":"IDE_ACTIVATED"}
{"ts":1770703699086,"action":"IDE_DEACTIVATED"}
{"ts":1770703716895,"action":"IDE_ACTIVATED"}
{"ts":1770703718220,"action":"IDE_DEACTIVATED"}
{"ts":1770703821347,"action":"IDE_ACTIVATED"}
{"ts":1770703824977,"action":"IDE_DEACTIVATED"}
{"ts":1770703868935,"action":"IDE_ACTIVATED"}
{"ts":1770703869959,"action":"IDE_DEACTIVATED"}
{"ts":1770703919872,"action":"IDE_ACTIVATED"}
{"ts":1770703937726,"action":"IDE_DEACTIVATED"}
{"ts":1770703939821,"action":"IDE_ACTIVATED"}
{"ts":1770703942438,"action":"IDE_DEACTIVATED"}
{"ts":1770704037289,"action":"IDE_ACTIVATED"}
{"ts":1770704042702,"action":"IDE_DEACTIVATED"}
{"ts":1770704044200,"action":"IDE_ACTIVATED"}
{"ts":1770704045299,"action":"IDE_DEACTIVATED"}
{"ts":1770704099360,"action":"IDE_ACTIVATED"}
{"ts":1770704115457,"action":"IDE_DEACTIVATED"}
{"ts":1770704140335,"action":"IDE_ACTIVATED"}
{"ts":1770704140743,"action":"IDE_DEACTIVATED"}
{"ts":1770704146082,"action":"IDE_ACTIVATED"}
{"ts":1770704152168,"action":"IDE_DEACTIVATED"}
{"ts":1770704154765,"action":"IDE_ACTIVATED"}
{"ts":1770704154980,"action":"IDE_DEACTIVATED"}
{"ts":1770704156431,"action":"IDE_ACTIVATED"}
{"ts":1770704156656,"action":"IDE_DEACTIVATED"}
{"ts":1770704178995,"action":"IDE_ACTIVATED"}
{"ts":1770704179694,"action":"IDE_DEACTIVATED"}
{"ts":1770704339854,"action":"IDE_ACTIVATED"}
{"ts":1770704343058,"action":"IDE_DEACTIVATED"}
{"ts":1770704344258,"action":"IDE_ACTIVATED"}
{"ts":1770704349920,"action":"IDE_DEACTIVATED"}
{"ts":1770704351831,"action":"IDE_ACTIVATED"}
{"ts":1770704353892,"action":"IDE_DEACTIVATED"}
{"ts":1770704386653,"action":"IDE_ACTIVATED"}
{"ts":1770704404330,"action":"IDE_DEACTIVATED"}
{"ts":1770704405027,"action":"IDE_ACTIVATED"}
{"ts":1770704405259,"action":"IDE_DEACTIVATED"}
{"ts":1770704406977,"action":"IDE_ACTIVATED"}
{"ts":1770704409652,"action":"IDE_DEACTIVATED"}
{"ts":1770704456990,"action":"IDE_ACTIVATED"}
{"ts":1770704458555,"action":"IDE_DEACTIVATED"}
{"ts":1770704492130,"action":"IDE_ACTIVATED"}
{"ts":1770704504541,"action":"IDE_DEACTIVATED"}
{"ts":1770704506172,"action":"IDE_ACTIVATED"}
{"ts":1770704508828,"action":"IDE_DEACTIVATED"}
{"ts":1770704554207,"action":"IDE_ACTIVATED"}
{"ts":1770704557214,"action":"IDE_DEACTIVATED"}
{"ts":1770704557617,"action":"IDE_ACTIVATED"}
{"ts":1770704558470,"action":"IDE_DEACTIVATED"}
{"ts":1770704560287,"action":"IDE_ACTIVATED"}
{"ts":1770704561253,"action":"IDE_DEACTIVATED"}
{"ts":1770704614161,"action":"IDE_ACTIVATED"}
{"ts":1770704615949,"action":"IDE_DEACTIVATED"}
{"ts":1770704626460,"action":"IDE_ACTIVATED"}
{"ts":1770704635452,"action":"IDE_DEACTIVATED"}
{"ts":1770704652016,"action":"IDE_ACTIVATED"}
{"ts":1770704656687,"action":"IDE_DEACTIVATED"}
{"ts":1770704658374,"action":"IDE_ACTIVATED"}
{"ts":1770704671013,"action":"IDE_DEACTIVATED"}
{"ts":1770704676552,"action":"IDE_ACTIVATED"}
{"ts":1770704678013,"action":"IDE_DEACTIVATED"}
{"ts":1770704846762,"action":"IDE_ACTIVATED"}
{"ts":1770704847778,"action":"IDE_DEACTIVATED"}
{"ts":1770704941011,"action":"IDE_ACTIVATED"}
{"ts":1770704944440,"action":"IDE_DEACTIVATED"}
{"ts":1770705556328,"action":"IDE_ACTIVATED"}
{"ts":1770705563421,"action":"IDE_DEACTIVATED"}
{"ts":1770705571171,"action":"IDE_ACTIVATED"}
{"ts":1770705574102,"action":"IDE_DEACTIVATED"}
{"ts":1770705590900,"action":"IDE_ACTIVATED"}
{"ts":1770705632233,"action":"IDE_DEACTIVATED"}
{"ts":1770705632948,"action":"IDE_ACTIVATED"}
{"ts":1770705634117,"action":"IDE_DEACTIVATED"}
{"ts":1770705647730,"action":"IDE_ACTIVATED"}
{"ts":1770705649524,"action":"IDE_DEACTIVATED"}
{"ts":1770705843787,"action":"IDE_ACTIVATED"}
{"ts":1770705845129,"action":"PROJECT_CLOSED","tags":{"PROJECT_NAME":"Algorithm"}}
{"ts":1770739094649,"action":"IDE_DEACTIVATED"}
{"ts":1770739099974,"action":"PROJECT_OPENED","tags":{"PROJECT_NAME":"Algorithm"}}
{"ts":1770739133803,"action":"IDE_ACTIVATED"}
{"ts":1770739141515,"action":"IDE_DEACTIVATED"}
{"ts":1770739169923,"action":"IDE_ACTIVATED"}
{"ts":1770739170445,"action":"IDE_DEACTIVATED"}
{"ts":1770739179864,"action":"IDE_ACTIVATED"}
{"ts":1770739188573,"action":"IDE_DEACTIVATED"}
{"ts":1770739428131,"action":"IDE_ACTIVATED"}
{"ts":1770739429908,"action":"IDE_DEACTIVATED"}
{"ts":1770739473672,"action":"IDE_ACTIVATED"}
{"ts":1770739477154,"action":"FILE_OPENED","file":"/src/Test.java","tags":{"FILE_LINE_OF_CODE":"87"}}
{"ts":1770739495599,"action":"IDE_DEACTIVATED"}
{"ts":1770739504295,"action":"IDE_ACTIVATED"}
{"ts":1770739524644,"action":"IDE_DEACTIVATED"}
{"ts":1770739526423,"action":"IDE_ACTIVATED"}
{"ts":1770739526832,"action":"IDE_DEACTIVATED"}
{"ts":1770739587661,"action":"IDE_ACTIVATED"}
{"ts":1770739593360,"action":"FILE_CLOSED","file":"/src/Test.java","tags":{"FILE_LINE_OF_CODE":"48"}}
{"ts":1770739603102,"action":"IDE_DEACTIVATED"}
{"ts":1770739621042,"action":"IDE_ACTIVATED"}
{"ts":1770739622158,"action":"IDE_DEACTIVATED"}
{"ts":1770739687327,"action":"IDE_ACTIVATED"}
{"ts":1770739689977,"action":"IDE_DEACTIVATED"}
{"ts":1770739725268,"action":"IDE_ACTIVATED"}
{"ts":1770739726554,"action":"IDE_DEACTIVATED"}
{"ts":1770740454452,"action":"IDE_ACTIVATED"}
{"ts":1770740464151,"action":"IDE_DEACTIVATED"}
{"ts":1770740465765,"action":"IDE_ACTIVATED"}
{"ts":1770740476206,"action":"IDE_DEACTIVATED"}
{"ts":1770740477799,"action":"IDE_ACTIVATED"}
{"ts":1770740478126,"action":"IDE_DEACTIVATED"}
{"ts":1770740527909,"action":"IDE_ACTIVATED"}
{"ts":1770740529119,"action":"IDE_DEACTIVATED"}
{"ts":1770740555490,"action":"IDE_ACTIVATED"}
{"ts":1770740557576,"action":"IDE_DEACTIVATED"}
{"ts":1770740575567,"action":"IDE_ACTIVATED"}
{"ts":1770740577061,"action":"IDE_DEACTIVATED"}
{"ts":1770740742360,"action":"IDE_ACTIVATED"}
{"ts":1770740758173,"action":"IDE_DEACTIVATED"}
{"ts":1770740760179,"action":"IDE_ACTIVATED"}
{"ts":1770740854721,"action":"IDE_DEACTIVATED"}
{"ts":1770741146397,"action":"IDE_ACTIVATED"}
{"ts":1770741147186,"action":"IDE_DEACTIVATED"}
{"ts":1770741301021,"action":"IDE_ACTIVATED"}
{"ts":1770741301424,"action":"IDE_DEACTIVATED"}
{"ts":1770741719074,"action":"IDE_ACTIVATED"}
{"ts":1770741727463,"action":"IDE_DEACTIVATED"}
{"ts":1770741887223,"action":"IDE_ACTIVATED"}
{"ts":1770741894310,"action":"IDE_DEACTIVATED"}
{"ts":1770741897904,"action":"IDE_ACTIVATED"}
{"ts":1770741903343,"action":"IDE_DEACTIVATED"}
{"ts":1770741912347,"action":"IDE_ACTIVATED"}
{"ts":1770741913188,"action":"IDE_DEACTIVATED"}
{"ts":1770742006695,"action":"IDE_ACTIVATED"}
{"ts":1770742011229,"action":"IDE_DEACTIVATED"}
{"ts":1770742032438,"action":"IDE_ACTIVATED"}
{"ts":1770742033388,"action":"IDE_DEACTIVATED"}
{"ts":1770742089694,"action":"IDE_ACTIVATED"}
{"ts":1770742094553,"action":"IDE_DEACTIVATED"}
{"ts":1770742149306,"action":"IDE_ACTIVATED"}
{"ts":1770742150510,"action":"IDE_DEACTIVATED"}
{"ts":1770742156572,"action":"IDE_ACTIVATED"}
{"ts":1770742165494,"action":"IDE_DEACTIVATED"}
{"ts":1770742166695,"action":"IDE_ACTIVATED"}
{"ts":1770742170723,"action":"IDE_DEACTIVATED"}
{"ts":1770742195175,"action":"IDE_ACTIVATED"}
{"ts":1770742231058,"action":"IDE_DEACTIVATED"}
{"ts":1770742362077,"action":"IDE_ACTIVATED"}
{"ts":1770742364780,"action":"IDE_DEACTIVATED"}
{"ts":1770742365852,"action":"IDE_ACTIVATED"}
{"ts":1770742369008,"action":"IDE_DEACTIVATED"}
{"ts":1770742370856,"action":"IDE_ACTIVATED"}
{"ts":1770742382450,"action":"IDE_DEACTIVATED"}
{"ts":1770742446672,"action":"IDE_ACTIVATED"}
{"ts":1770742453028,"action":"IDE_DEACTIVATED"}
{"ts":1770742457924,"action":"IDE_ACTIVATED"}
{"ts":1770742459044,"action":"IDE_DEACTIVATED"}
{"ts":1770742460092,"action":"IDE_ACTIVATED"}
{"ts":1770742462548,"action":"IDE_DEACTIVATED"}
{"ts":1770742475439,"action":"IDE_ACTIVATED"}
{"ts":1770742476728,"action":"IDE_DEACTIVATED"}
{"ts":1770742479505,"action":"IDE_ACTIVATED"}
{"ts":1770742480569,"action":"IDE_DEACTIVATED"}
{"ts":1770742515457,"action":"IDE_ACTIVATED"}
{"ts":1770742516327,"action":"IDE_DEACTIVATED"}
{"ts":1770742517820,"action":"IDE_ACTIVATED"}
{"ts":1770742518047,"action":"IDE_DEACTIVATED"}
{"ts":1770742532052,"action":"IDE_ACTIVATED"}
{"ts":1770742533775,"action":"IDE_DEACTIVATED"}
{"ts":1770742574572,"action":"IDE_ACTIVATED"}
{"ts":1770742580366,"action":"IDE_DEACTIVATED"}
{"ts":1770742585182,"action":"IDE_ACTIVATED"}
{"ts":1770742586294,"action":"IDE_DEACTIVATED"}
{"ts":1770742645405,"action":"IDE_ACTIVATED"}
{"ts":1770742651379,"action":"IDE_DEACTIVATED"}
{"ts":1770742653568,"action":"IDE_ACTIVATED"}
{"ts":1770742654371,"action":"IDE_DEACTIVATED"}
{"ts":1770742734627,"action":"IDE_ACTIVATED"}
{"ts":1770742751487,"action":"IDE_DEACTIVATED"}
{"ts":1770742754129,"action":"IDE_ACTIVATED"}
{"ts":1770742761311,"action":"IDE_DEACTIVATED"}
{"ts":1770742763103,"action":"IDE_ACTIVATED"}
{"ts":1770742769255,"action":"IDE_DEACTIVATED"}
{"ts":1770742795674,"action":"IDE_ACTIVATED"}
{"ts":1770742797374,"action":"IDE_DEACTIVATED"}
{"ts":1770742801083,"action":"IDE_ACTIVATED"}
{"ts":1770742802321,"action":"IDE_DEACTIVATED"}
{"ts":1770742870524,"action":"IDE_ACTIVATED"}
{"ts":1770742872519,"action":"IDE_DEACTIVATED"}
{"ts":1770742874929,"action":"IDE_ACTIVATED"}
{"ts":1770742876443,"action":"IDE_DEACTIVATED"}
{"ts":1770743180955,"action":"IDE_ACTIVATED"}
{"ts":1770743182369,"action":"IDE_DEACTIVATED"}
{"ts":1770743196318,"action":"IDE_ACTIVATED"}
{"ts":1770743201639,"action":"IDE_DEACTIVATED"}
{"ts":1770743209665,"action":"IDE_ACTIVATED"}
{"ts":1770743220464,"action":"IDE_DEACTIVATED"}
{"ts":1770743294516,"action":"IDE_ACTIVATED"}
{"ts":1770743304003,"action":"IDE_DEACTIVATED"}
{"ts":1770743308127,"action":"IDE_ACTIVATED"}
{"ts":1770743331580,"action":"FILE_OPENED","file":"/src/基础算法和其他/哈希/LeetCode3721_最长平衡子数组II/Main.java","tags":{"FILE_LINE_OF_CODE":"5"}}
{"ts":1770743333241,"action":"IDE_DEACTIVATED"}
{"ts":1770743334505,"action":"IDE_ACTIVATED"}
{"ts":1770743338517,"action":"IDE_DEACTIVATED"}
{"ts":1770743347070,"action":"IDE_ACTIVATED"}
{"ts":1770743350304,"action":"IDE_DEACTIVATED"}
{"ts":1770743369045,"action":"IDE_ACTIVATED"}
{"ts":1770743369790,"action":"IDE_DEACTIVATED"}
{"ts":1770743386307,"action":"IDE_ACTIVATED"}
{"ts":1770743392914,"action":"IDE_DEACTIVATED"}
{"ts":1770743396057,"action":"IDE_ACTIVATED"}
{"ts":1770743408994,"action":"IDE_DEACTIVATED"}
{"ts":1770743410288,"action":"IDE_ACTIVATED"}
{"ts":1770743414185,"action":"IDE_DEACTIVATED"}
{"ts":1770743414663,"action":"IDE_ACTIVATED"}
{"ts":1770743499510,"action":"IDE_DEACTIVATED"}
{"ts":1770743500688,"action":"IDE_ACTIVATED"}
{"ts":1770743520464,"action":"IDE_DEACTIVATED"}
{"ts":1770743521520,"action":"IDE_ACTIVATED"}
{"ts":1770743531783,"action":"IDE_DEACTIVATED"}
{"ts":1770743533998,"action":"IDE_ACTIVATED"}
{"ts":1770743557193,"action":"IDE_DEACTIVATED"}
{"ts":1770743558929,"action":"IDE_ACTIVATED"}
{"ts":1770743563686,"action":"IDE_DEACTIVATED"}
{"ts":1770743565127,"action":"IDE_ACTIVATED"}
{"ts":1770743565746,"action":"IDE_DEACTIVATED"}
{"ts":1770743662945,"action":"IDE_ACTIVATED"}
{"ts":1770743665760,"action":"IDE_DEACTIVATED"}
{"ts":1770743784729,"action":"IDE_ACTIVATED"}
{"ts":1770743799128,"action":"IDE_DEACTIVATED"}
{"ts":1770743800338,"action":"IDE_ACTIVATED"}
{"ts":1770743804313,"action":"IDE_DEACTIVATED"}
{"ts":1770743805328,"action":"IDE_ACTIVATED"}
{"ts":1770743815829,"action":"IDE_DEACTIVATED"}
{"ts":1770743816475,"action":"IDE_ACTIVATED"}
{"ts":1770743817935,"action":"IDE_DEACTIVATED"}
{"ts":1770743819829,"action":"IDE_ACTIVATED"}
{"ts":1770743821936,"action":"IDE_DEACTIVATED"}
{"ts":1770743825162,"action":"IDE_ACTIVATED"}
{"ts":1770743834972,"action":"IDE_DEACTIVATED"}
{"ts":1770743835835,"action":"IDE_ACTIVATED"}
{"ts":1770743860296,"action":"IDE_DEACTIVATED"}
{"ts":1770743861169,"action":"IDE_ACTIVATED"}
{"ts":1770743875037,"action":"IDE_DEACTIVATED"}
{"ts":1770743903623,"action":"IDE_ACTIVATED"}
{"ts":1770743910613,"action":"IDE_DEACTIVATED"}
{"ts":1770743912469,"action":"IDE_ACTIVATED"}
{"ts":1770743914668,"action":"IDE_DEACTIVATED"}
{"ts":1770743915710,"action":"IDE_ACTIVATED"}
{"ts":1770743917235,"action":"IDE_DEACTIVATED"}
{"ts":1770743920273,"action":"IDE_ACTIVATED"}
{"ts":1770743921528,"action":"IDE_DEACTIVATED"}
{"ts":1770743946441,"action":"IDE_ACTIVATED"}
{"ts":1770743947419,"action":"IDE_DEACTIVATED"}
{"ts":1770743999284,"action":"IDE_ACTIVATED"}
{"ts":1770744021116,"action":"PROJECT_CLOSED","tags":{"PROJECT_NAME":"Algorithm"}}
{"ts":1770775249671,"action":"FILE_OPENED","file":"/src/基础算法和其他/双指针/subject/LeetCode3721_最长平衡子数组II/Main.java","tags":{"FILE_LINE_OF_CODE":"129"}}
{"ts":1770775250625,"action":"PROJECT_OPENED","tags":{"PROJECT_NAME":"Algorithm"}}
{"ts":1770775280239,"action":"FILE_CLOSED","file":"/src/基础算法和其他/双指针/subject/LeetCode3721_最长平衡子数组II/Main.java","tags":{"FILE_LINE_OF_CODE":"129"}}
{"ts":1770775289494,"action":"IDE_DEACTIVATED"}
{"ts":1770775290284,"action":"IDE_ACTIVATED"}
{"ts":1770775303473,"action":"IDE_DEACTIVATED"}
{"ts":1770775461183,"action":"IDE_ACTIVATED"}
{"ts":1770775464623,"action":"IDE_DEACTIVATED"}
{"ts":1770775515422,"action":"IDE_ACTIVATED"}
{"ts":1770775517814,"action":"IDE_DEACTIVATED"}
{"ts":1770775648637,"action":"IDE_ACTIVATED"}
{"ts":1770775657352,"action":"IDE_DEACTIVATED"}
{"ts":1770776061104,"action":"IDE_ACTIVATED"}
{"ts":1770776066795,"action":"IDE_DEACTIVATED"}
{"ts":1770776071317,"action":"IDE_ACTIVATED"}
{"ts":1770776072387,"action":"IDE_DEACTIVATED"}
{"ts":1770776568555,"action":"IDE_ACTIVATED"}
{"ts":1770776573482,"action":"IDE_DEACTIVATED"}
{"ts":1770776575283,"action":"IDE_ACTIVATED"}
{"ts":1770776578004,"action":"IDE_DEACTIVATED"}
{"ts":1770776661734,"action":"IDE_ACTIVATED"}
{"ts":1770776684767,"action":"IDE_DEACTIVATED"}
{"ts":1770776765207,"action":"IDE_ACTIVATED"}
{"ts":1770776797943,"action":"IDE_DEACTIVATED"}
{"ts":1770776798831,"action":"IDE_ACTIVATED"}
{"ts":1770776803851,"action":"IDE_DEACTIVATED"}
{"ts":1770776805889,"action":"IDE_ACTIVATED"}
{"ts":1770776808566,"action":"IDE_DEACTIVATED"}
{"ts":1770776842835,"action":"IDE_ACTIVATED"}
{"ts":1770776851552,"action":"IDE_DEACTIVATED"}
{"ts":1770776906148,"action":"IDE_ACTIVATED"}
{"ts":1770776917166,"action":"IDE_DEACTIVATED"}
{"ts":1770776919244,"action":"IDE_ACTIVATED"}
{"ts":1770776919507,"action":"IDE_DEACTIVATED"}
{"ts":1770776924145,"action":"IDE_ACTIVATED"}
{"ts":1770776926029,"action":"IDE_DEACTIVATED"}
{"ts":1770776928395,"action":"IDE_ACTIVATED"}
{"ts":1770776928702,"action":"IDE_DEACTIVATED"}
{"ts":1770776937228,"action":"IDE_ACTIVATED"}
{"ts":1770776938319,"action":"IDE_DEACTIVATED"}
{"ts":1770776941147,"action":"IDE_ACTIVATED"}
{"ts":1770776941439,"action":"IDE_DEACTIVATED"}
{"ts":1770776984825,"action":"IDE_ACTIVATED"}
{"ts":1770776999719,"action":"IDE_DEACTIVATED"}
{"ts":1770777007219,"action":"IDE_ACTIVATED"}
{"ts":1770777010345,"action":"IDE_DEACTIVATED"}
{"ts":1770777077690,"action":"IDE_ACTIVATED"}
{"ts":1770777084493,"action":"IDE_DEACTIVATED"}
{"ts":1770777089765,"action":"IDE_ACTIVATED"}
{"ts":1770777091412,"action":"IDE_DEACTIVATED"}
{"ts":1770777116185,"action":"IDE_ACTIVATED"}
{"ts":1770777129156,"action":"IDE_DEACTIVATED"}
{"ts":1770777155602,"action":"IDE_ACTIVATED"}
{"ts":1770777156752,"action":"IDE_DEACTIVATED"}
{"ts":1770777260919,"action":"IDE_ACTIVATED"}
{"ts":1770777267572,"action":"IDE_DEACTIVATED"}
{"ts":1770777269188,"action":"IDE_ACTIVATED"}
{"ts":1770777271886,"action":"IDE_DEACTIVATED"}
{"ts":1770777273585,"action":"IDE_ACTIVATED"}
{"ts":1770777274398,"action":"IDE_DEACTIVATED"}
{"ts":1770777275030,"action":"IDE_ACTIVATED"}
{"ts":1770777275323,"action":"IDE_DEACTIVATED"}
{"ts":1770777281173,"action":"IDE_ACTIVATED"}
{"ts":1770777283913,"action":"IDE_DEACTIVATED"}
{"ts":1770777285282,"action":"IDE_ACTIVATED"}
{"ts":1770777286523,"action":"IDE_DEACTIVATED"}
{"ts":1770777528451,"action":"IDE_ACTIVATED"}
{"ts":1770777538114,"action":"IDE_DEACTIVATED"}
{"ts":1770777875461,"action":"IDE_ACTIVATED"}
{"ts":1770777885388,"action":"IDE_DEACTIVATED"}
{"ts":1770777889976,"action":"IDE_ACTIVATED"}
{"ts":1770777891022,"action":"IDE_DEACTIVATED"}
{"ts":1770777902890,"action":"IDE_ACTIVATED"}
{"ts":1770777908287,"action":"IDE_DEACTIVATED"}
{"ts":1770777911766,"action":"IDE_ACTIVATED"}
{"ts":1770777912802,"action":"IDE_DEACTIVATED"}
{"ts":1770777916266,"action":"IDE_ACTIVATED"}
{"ts":1770777917154,"action":"IDE_DEACTIVATED"}
{"ts":1770777920223,"action":"IDE_ACTIVATED"}
{"ts":1770777921142,"action":"IDE_DEACTIVATED"}
{"ts":1770777923995,"action":"IDE_ACTIVATED"}
{"ts":1770777924829,"action":"IDE_DEACTIVATED"}
{"ts":1770777927600,"action":"IDE_ACTIVATED"}
{"ts":1770777928922,"action":"IDE_DEACTIVATED"}
{"ts":1770777932901,"action":"IDE_ACTIVATED"}
{"ts":1770777933663,"action":"IDE_DEACTIVATED"}
{"ts":1770777935359,"action":"IDE_ACTIVATED"}
{"ts":1770777936118,"action":"IDE_DEACTIVATED"}
{"ts":1770777937706,"action":"IDE_ACTIVATED"}
{"ts":1770777939377,"action":"IDE_DEACTIVATED"}
{"ts":1770778777550,"action":"IDE_ACTIVATED"}
{"ts":1770778782390,"action":"IDE_DEACTIVATED"}
{"ts":1770778793876,"action":"IDE_ACTIVATED"}
{"ts":1770778798029,"action":"IDE_DEACTIVATED"}
{"ts":1770778804950,"action":"IDE_ACTIVATED"}
{"ts":1770778821338,"action":"IDE_DEACTIVATED"}
{"ts":1770778825019,"action":"IDE_ACTIVATED"}
{"ts":1770778826544,"action":"IDE_DEACTIVATED"}
{"ts":1770780665490,"action":"IDE_ACTIVATED"}
{"ts":1770780673104,"action":"IDE_DEACTIVATED"}
{"ts":1770780673677,"action":"IDE_ACTIVATED"}
{"ts":1770780680931,"action":"IDE_DEACTIVATED"}
{"ts":1770780682375,"action":"IDE_ACTIVATED"}
{"ts":1770780683643,"action":"IDE_DEACTIVATED"}
{"ts":1770780907433,"action":"IDE_ACTIVATED"}
{"ts":1770780914105,"action":"IDE_DEACTIVATED"}
{"ts":1770780914993,"action":"IDE_ACTIVATED"}
{"ts":1770780927749,"action":"IDE_DEACTIVATED"}
{"ts":1770781882507,"action":"IDE_ACTIVATED"}
{"ts":1770781887179,"action":"IDE_DEACTIVATED"}
{"ts":1770781889332,"action":"IDE_ACTIVATED"}
{"ts":1770781896219,"action":"IDE_DEACTIVATED"}
{"ts":1770781897252,"action":"IDE_ACTIVATED"}
{"ts":1770781900112,"action":"IDE_DEACTIVATED"}
{"ts":1770781901261,"action":"IDE_ACTIVATED"}
{"ts":1770781902301,"action":"IDE_DEACTIVATED"}
{"ts":1770781904084,"action":"IDE_ACTIVATED"}
{"ts":1770781912852,"action":"IDE_DEACTIVATED"}
{"ts":1770781916653,"action":"IDE_ACTIVATED"}
{"ts":1770781919326,"action":"IDE_DEACTIVATED"}
{"ts":1770781920775,"action":"IDE_ACTIVATED"}
{"ts":1770781925602,"action":"IDE_DEACTIVATED"}
{"ts":1770781926018,"action":"IDE_ACTIVATED"}
{"ts":1770781927497,"action":"IDE_DEACTIVATED"}
{"ts":1770781928170,"action":"IDE_ACTIVATED"}
{"ts":1770781930397,"action":"IDE_DEACTIVATED"}
{"ts":1770781931064,"action":"IDE_ACTIVATED"}
{"ts":1770781933123,"action":"IDE_DEACTIVATED"}
{"ts":1770781935188,"action":"IDE_ACTIVATED"}
{"ts":1770781936661,"action":"IDE_DEACTIVATED"}
{"ts":1770781943184,"action":"IDE_ACTIVATED"}
{"ts":1770781956197,"action":"IDE_DEACTIVATED"}
{"ts":1770781956946,"action":"IDE_ACTIVATED"}
{"ts":1770781957998,"action":"IDE_DEACTIVATED"}
{"ts":1770781958730,"action":"IDE_ACTIVATED"}
{"ts":1770781960654,"action":"IDE_DEACTIVATED"}
{"ts":1770781961556,"action":"IDE_ACTIVATED"}
{"ts":1770781962141,"action":"IDE_DEACTIVATED"}
{"ts":1770781965052,"action":"IDE_ACTIVATED"}
{"ts":1770781972779,"action":"IDE_DEACTIVATED"}
{"ts":1770781980403,"action":"IDE_ACTIVATED"}
{"ts":1770781988599,"action":"IDE_DEACTIVATED"}
{"ts":1770781990128,"action":"IDE_ACTIVATED"}
{"ts":1770782006280,"action":"IDE_DEACTIVATED"}
{"ts":1770782103238,"action":"IDE_ACTIVATED"}
{"ts":1770782105126,"action":"IDE_DEACTIVATED"}
{"ts":1770782195130,"action":"IDE_ACTIVATED"}
{"ts":1770782196220,"action":"IDE_DEACTIVATED"}
{"ts":1770782197616,"action":"IDE_ACTIVATED"}
{"ts":1770782198827,"action":"IDE_DEACTIVATED"}
{"ts":1770783021260,"action":"IDE_ACTIVATED"}
{"ts":1770783024189,"action":"IDE_DEACTIVATED"}
{"ts":1770783025923,"action":"IDE_ACTIVATED"}
{"ts":1770783029018,"action":"IDE_DEACTIVATED"}
{"ts":1770783032727,"action":"IDE_ACTIVATED"}
{"ts":1770783033693,"action":"IDE_DEACTIVATED"}
{"ts":1770783309052,"action":"IDE_ACTIVATED"}
{"ts":1770783310925,"action":"IDE_DEACTIVATED"}
{"ts":1770783363260,"action":"IDE_ACTIVATED"}
{"ts":1770783365829,"action":"IDE_DEACTIVATED"}
{"ts":1770783367392,"action":"IDE_ACTIVATED"}
{"ts":1770783367576,"action":"IDE_DEACTIVATED"}
{"ts":1770783370979,"action":"IDE_ACTIVATED"}
{"ts":1770783376639,"action":"IDE_DEACTIVATED"}
{"ts":1770783483746,"action":"IDE_ACTIVATED"}
{"ts":1770783489816,"action":"IDE_DEACTIVATED"}
{"ts":1770783492689,"action":"IDE_ACTIVATED"}
{"ts":1770783493767,"action":"IDE_DEACTIVATED"}
{"ts":1770784267956,"action":"IDE_ACTIVATED"}
{"ts":1770784291583,"action":"IDE_DEACTIVATED"}
{"ts":1770784293329,"action":"IDE_ACTIVATED"}
{"ts":1770784296451,"action":"IDE_DEACTIVATED"}
{"ts":1770784298011,"action":"IDE_ACTIVATED"}
{"ts":1770784299234,"action":"IDE_DEACTIVATED"}
{"ts":1770784328782,"action":"IDE_ACTIVATED"}
{"ts":1770784331082,"action":"IDE_DEACTIVATED"}
{"ts":1770784333119,"action":"IDE_ACTIVATED"}
{"ts":1770784333302,"action":"IDE_DEACTIVATED"}
{"ts":1770784565412,"action":"IDE_ACTIVATED"}
{"ts":1770784572542,"action":"IDE_DEACTIVATED"}
{"ts":1770784700502,"action":"IDE_ACTIVATED"}
{"ts":1770784705053,"action":"IDE_DEACTIVATED"}
{"ts":1770785190008,"action":"IDE_ACTIVATED"}
{"ts":1770785194241,"action":"FILE_OPENED","file":"/src/Test.java","tags":{"FILE_LINE_OF_CODE":"48"}}
{"ts":1770785199585,"action":"IDE_DEACTIVATED"}
{"ts":1770785202348,"action":"IDE_ACTIVATED"}
{"ts":1770785233972,"action":"IDE_DEACTIVATED"}
{"ts":1770785276967,"action":"IDE_ACTIVATED"}
{"ts":1770785279745,"action":"IDE_DEACTIVATED"}
{"ts":1770785280280,"action":"IDE_ACTIVATED"}
{"ts":1770785280824,"action":"IDE_DEACTIVATED"}
{"ts":1770785282497,"action":"IDE_ACTIVATED"}
{"ts":1770785283884,"action":"IDE_DEACTIVATED"}
{"ts":1770785400377,"action":"IDE_ACTIVATED"}
{"ts":1770785406032,"action":"IDE_DEACTIVATED"}
{"ts":1770785411772,"action":"IDE_ACTIVATED"}
{"ts":1770785425062,"action":"IDE_DEACTIVATED"}
{"ts":1770785428121,"action":"IDE_ACTIVATED"}
{"ts":1770785439784,"action":"IDE_DEACTIVATED"}
{"ts":1770785490500,"action":"IDE_ACTIVATED"}
{"ts":1770785493685,"action":"IDE_DEACTIVATED"}
{"ts":1770785508570,"action":"IDE_ACTIVATED"}
{"ts":1770785511541,"action":"IDE_DEACTIVATED"}
{"ts":1770785677989,"action":"IDE_ACTIVATED"}
{"ts":1770785680943,"action":"IDE_DEACTIVATED"}
{"ts":1770785809165,"action":"IDE_ACTIVATED"}
{"ts":1770785817148,"action":"IDE_DEACTIVATED"}
{"ts":1770785819293,"action":"IDE_ACTIVATED"}
{"ts":1770785823764,"action":"IDE_DEACTIVATED"}
{"ts":1770785824910,"action":"IDE_ACTIVATED"}
{"ts":1770785830004,"action":"IDE_DEACTIVATED"}
{"ts":1770785831503,"action":"IDE_ACTIVATED"}
{"ts":1770785831639,"action":"IDE_DEACTIVATED"}
{"ts":1770785833147,"action":"IDE_ACTIVATED"}
{"ts":1770785833323,"action":"IDE_DEACTIVATED"}
{"ts":1770785847414,"action":"IDE_ACTIVATED"}
{"ts":1770785849402,"action":"IDE_DEACTIVATED"}
{"ts":1770785888582,"action":"IDE_ACTIVATED"}
{"ts":1770785894410,"action":"FILE_CLOSED","file":"/src/Test.java","tags":{"FILE_LINE_OF_CODE":"113"}}
{"ts":1770785902728,"action":"IDE_DEACTIVATED"}
{"ts":1770785903838,"action":"IDE_ACTIVATED"}
{"ts":1770785904935,"action":"IDE_DEACTIVATED"}
{"ts":1770786106221,"action":"IDE_ACTIVATED"}
{"ts":1770786110127,"action":"IDE_DEACTIVATED"}
{"ts":1770786288907,"action":"IDE_ACTIVATED"}
{"ts":1770786298486,"action":"IDE_DEACTIVATED"}
{"ts":1770786300298,"action":"IDE_ACTIVATED"}
{"ts":1770786302956,"action":"IDE_DEACTIVATED"}
{"ts":1770786745930,"action":"IDE_ACTIVATED"}
{"ts":1770786758691,"action":"IDE_DEACTIVATED"}
{"ts":1770786759476,"action":"IDE_ACTIVATED"}
{"ts":1770786778565,"action":"IDE_DEACTIVATED"}
{"ts":1770786844346,"action":"IDE_ACTIVATED"}
{"ts":1770786862826,"action":"IDE_DEACTIVATED"}
{"ts":1770787061541,"action":"IDE_ACTIVATED"}
{"ts":1770787066107,"action":"IDE_DEACTIVATED"}
{"ts":1770787071670,"action":"IDE_ACTIVATED"}
{"ts":1770787075289,"action":"IDE_DEACTIVATED"}
{"ts":1770787088763,"action":"IDE_ACTIVATED"}
{"ts":1770787090401,"action":"IDE_DEACTIVATED"}
{"ts":1770787092216,"action":"IDE_ACTIVATED"}
{"ts":1770787093188,"action":"IDE_DEACTIVATED"}
{"ts":1770787226625,"action":"IDE_ACTIVATED"}
{"ts":1770787228755,"action":"IDE_DEACTIVATED"}
{"ts":1770787234466,"action":"IDE_ACTIVATED"}
{"ts":1770787250467,"action":"IDE_DEACTIVATED"}
{"ts":1770787252330,"action":"IDE_ACTIVATED"}
{"ts":1770787253205,"action":"IDE_DEACTIVATED"}
{"ts":1770787414315,"action":"IDE_ACTIVATED"}
{"ts":1770787416621,"action":"IDE_DEACTIVATED"}
{"ts":1770787674378,"action":"IDE_ACTIVATED"}
{"ts":1770787680272,"action":"IDE_DEACTIVATED"}
{"ts":1770787681838,"action":"IDE_ACTIVATED"}
{"ts":1770787685809,"action":"IDE_DEACTIVATED"}
{"ts":1770787691506,"action":"IDE_ACTIVATED"}
{"ts":1770787692437,"action":"IDE_DEACTIVATED"}
{"ts":1770787704506,"action":"IDE_ACTIVATED"}
{"ts":1770787705158,"action":"IDE_DEACTIVATED"}
{"ts":1770787709365,"action":"IDE_ACTIVATED"}
{"ts":1770787711019,"action":"IDE_DEACTIVATED"}
{"ts":1770787719082,"action":"IDE_ACTIVATED"}
{"ts":1770787721633,"action":"IDE_DEACTIVATED"}
{"ts":1770787769282,"action":"IDE_ACTIVATED"}
{"ts":1770787776886,"action":"IDE_DEACTIVATED"}
{"ts":1770787778015,"action":"IDE_ACTIVATED"}
{"ts":1770787779530,"action":"IDE_DEACTIVATED"}
{"ts":1770788103081,"action":"IDE_ACTIVATED"}
{"ts":1770788112231,"action":"IDE_DEACTIVATED"}
{"ts":1770788116099,"action":"IDE_ACTIVATED"}
{"ts":1770788116915,"action":"IDE_DEACTIVATED"}
{"ts":1770788164200,"action":"IDE_ACTIVATED"}
{"ts":1770788169449,"action":"IDE_DEACTIVATED"}
{"ts":1770788171056,"action":"IDE_ACTIVATED"}
{"ts":1770788172135,"action":"IDE_DEACTIVATED"}
{"ts":1770788240535,"action":"IDE_ACTIVATED"}
{"ts":1770788252031,"action":"IDE_DEACTIVATED"}
{"ts":1770788252987,"action":"IDE_ACTIVATED"}
{"ts":1770788253967,"action":"IDE_DEACTIVATED"}
{"ts":1770788258439,"action":"IDE_ACTIVATED"}
{"ts":1770788268350,"action":"IDE_DEACTIVATED"}
{"ts":1770788288075,"action":"IDE_ACTIVATED"}
{"ts":1770788290688,"action":"IDE_DEACTIVATED"}
{"ts":1770789016315,"action":"IDE_ACTIVATED"}
{"ts":1770789022453,"action":"IDE_DEACTIVATED"}
{"ts":1770789024710,"action":"IDE_ACTIVATED"}
{"ts":1770789031897,"action":"IDE_DEACTIVATED"}
{"ts":1770789033804,"action":"IDE_ACTIVATED"}
{"ts":1770789038536,"action":"IDE_DEACTIVATED"}
{"ts":1770789040268,"action":"IDE_ACTIVATED"}
{"ts":1770789041030,"action":"IDE_DEACTIVATED"}
{"ts":1770789097129,"action":"IDE_ACTIVATED"}
{"ts":1770789102194,"action":"IDE_DEACTIVATED"}
{"ts":1770789103508,"action":"IDE_ACTIVATED"}
{"ts":1770789104540,"action":"IDE_DEACTIVATED"}
{"ts":1770789323033,"action":"IDE_ACTIVATED"}
{"ts":1770789333773,"action":"IDE_DEACTIVATED"}
{"ts":1770789341661,"action":"IDE_ACTIVATED"}
{"ts":1770789342577,"action":"IDE_DEACTIVATED"}
{"ts":1770789349890,"action":"IDE_ACTIVATED"}
{"ts":1770789354710,"action":"IDE_DEACTIVATED"}
{"ts":1770789356003,"action":"IDE_ACTIVATED"}
{"ts":1770789356623,"action":"IDE_DEACTIVATED"}
{"ts":1770789358562,"action":"IDE_ACTIVATED"}
{"ts":1770789360122,"action":"IDE_DEACTIVATED"}
{"ts":1770789402995,"action":"IDE_ACTIVATED"}
{"ts":1770789405607,"action":"IDE_DEACTIVATED"}
{"ts":1770789406951,"action":"IDE_ACTIVATED"}
{"ts":1770789408317,"action":"IDE_DEACTIVATED"}
{"ts":1770789492694,"action":"IDE_ACTIVATED"}
{"ts":1770789494738,"action":"IDE_DEACTIVATED"}
{"ts":1770789837548,"action":"IDE_ACTIVATED"}
{"ts":1770789853634,"action":"IDE_DEACTIVATED"}
{"ts":1770789856781,"action":"IDE_ACTIVATED"}
{"ts":1770789867987,"action":"IDE_DEACTIVATED"}
{"ts":1770789868402,"action":"IDE_ACTIVATED"}
{"ts":1770789868820,"action":"IDE_DEACTIVATED"}
{"ts":1770789884702,"action":"IDE_ACTIVATED"}
{"ts":1770789888543,"action":"IDE_DEACTIVATED"}
{"ts":1770790026247,"action":"IDE_ACTIVATED"}
{"ts":1770790028098,"action":"IDE_DEACTIVATED"}
{"ts":1770790061110,"action":"IDE_ACTIVATED"}
{"ts":1770790062183,"action":"IDE_DEACTIVATED"}
{"ts":1770790066810,"action":"IDE_ACTIVATED"}
{"ts":1770790069034,"action":"IDE_DEACTIVATED"}
{"ts":1770790127474,"action":"IDE_ACTIVATED"}
{"ts":1770790138863,"action":"IDE_DEACTIVATED"}
{"ts":1770790151163,"action":"IDE_ACTIVATED"}
{"ts":1770790157764,"action":"IDE_DEACTIVATED"}
{"ts":1770790227761,"action":"IDE_ACTIVATED"}
{"ts":1770790233230,"action":"IDE_DEACTIVATED"}
{"ts":1770790234710,"action":"IDE_ACTIVATED"}
{"ts":1770790237312,"action":"IDE_DEACTIVATED"}
{"ts":1770790240752,"action":"IDE_ACTIVATED"}
{"ts":1770790241608,"action":"IDE_DEACTIVATED"}
{"ts":1770790242303,"action":"IDE_ACTIVATED"}
{"ts":1770790250165,"action":"IDE_DEACTIVATED"}
{"ts":1770790368898,"action":"IDE_ACTIVATED"}
{"ts":1770790402459,"action":"IDE_DEACTIVATED"}
{"ts":1770790416537,"action":"IDE_ACTIVATED"}
{"ts":1770790421030,"action":"IDE_DEACTIVATED"}
{"ts":1770790536365,"action":"IDE_ACTIVATED"}
{"ts":1770790541861,"action":"IDE_DEACTIVATED"}
{"ts":1770790603444,"action":"IDE_ACTIVATED"}
{"ts":1770790607775,"action":"IDE_DEACTIVATED"}
{"ts":1770790609067,"action":"IDE_ACTIVATED"}
{"ts":1770790612331,"action":"IDE_DEACTIVATED"}
{"ts":1770790613816,"action":"IDE_ACTIVATED"}
{"ts":1770790614726,"action":"IDE_DEACTIVATED"}
{"ts":1770790645396,"action":"IDE_ACTIVATED"}
{"ts":1770790653004,"action":"IDE_DEACTIVATED"}
{"ts":1770790654519,"action":"IDE_ACTIVATED"}
{"ts":1770790656794,"action":"IDE_DEACTIVATED"}
{"ts":1770790666268,"action":"IDE_ACTIVATED"}
{"ts":1770790675247,"action":"IDE_DEACTIVATED"}
{"ts":1770790677639,"action":"IDE_ACTIVATED"}
{"ts":1770790679494,"action":"IDE_DEACTIVATED"}
{"ts":1770790683876,"action":"IDE_ACTIVATED"}
{"ts":1770790684848,"action":"IDE_DEACTIVATED"}
{"ts":1770790784913,"action":"IDE_ACTIVATED"}
{"ts":1770790799437,"action":"IDE_DEACTIVATED"}
{"ts":1770790800686,"action":"IDE_ACTIVATED"}
{"ts":1770790803463,"action":"IDE_DEACTIVATED"}
{"ts":1770790853255,"action":"IDE_ACTIVATED"}
{"ts":1770790856063,"action":"IDE_DEACTIVATED"}
{"ts":1770790887327,"action":"IDE_ACTIVATED"}
{"ts":1770790888287,"action":"IDE_DEACTIVATED"}
{"ts":1770790895304,"action":"IDE_ACTIVATED"}
{"ts":1770790904840,"action":"IDE_DEACTIVATED"}
{"ts":1770790941912,"action":"IDE_ACTIVATED"}
{"ts":1770790942991,"action":"IDE_DEACTIVATED"}
{"ts":1770790947990,"action":"IDE_ACTIVATED"}
{"ts":1770790948377,"action":"IDE_DEACTIVATED"}
{"ts":1770790967446,"action":"IDE_ACTIVATED"}
{"ts":1770790971017,"action":"IDE_DEACTIVATED"}
{"ts":1770791035210,"action":"IDE_ACTIVATED"}
{"ts":1770791054500,"action":"IDE_DEACTIVATED"}
{"ts":1770791083567,"action":"IDE_ACTIVATED"}
{"ts":1770791085894,"action":"IDE_DEACTIVATED"}
{"ts":1770791091027,"action":"IDE_ACTIVATED"}
{"ts":1770791103230,"action":"IDE_DEACTIVATED"}
{"ts":1770791107432,"action":"IDE_ACTIVATED"}
{"ts":1770791108231,"action":"IDE_DEACTIVATED"}
{"ts":1770791130614,"action":"IDE_ACTIVATED"}
{"ts":1770791137522,"action":"IDE_DEACTIVATED"}
{"ts":1770791297598,"action":"IDE_ACTIVATED"}
{"ts":1770791302239,"action":"IDE_DEACTIVATED"}
{"ts":1770791305745,"action":"IDE_ACTIVATED"}
{"ts":1770791307123,"action":"IDE_DEACTIVATED"}
{"ts":1770797866787,"action":"IDE_ACTIVATED"}
{"ts":1770797869815,"action":"IDE_DEACTIVATED"}
{"ts":1770798052941,"action":"IDE_ACTIVATED"}
{"ts":1770798061415,"action":"PROJECT_CLOSED","tags":{"PROJECT_NAME":"Algorithm"}}
{"ts":1770867019692,"action":"PROJECT_OPENED","tags":{"PROJECT_NAME":"Algorithm"}}
{"ts":1770867243238,"action":"IDE_DEACTIVATED"}
{"ts":1770867252797,"action":"IDE_ACTIVATED"}
{"ts":1770867295895,"action":"IDE_DEACTIVATED"}
{"ts":1770867305461,"action":"IDE_ACTIVATED"}
{"ts":1770867305684,"action":"IDE_DEACTIVATED"}
{"ts":1770867309936,"action":"IDE_ACTIVATED"}
{"ts":1770867322667,"action":"IDE_DEACTIVATED"}
{"ts":1770867324913,"action":"IDE_ACTIVATED"}
{"ts":1770867333822,"action":"IDE_DEACTIVATED"}
{"ts":1770867355765,"action":"IDE_ACTIVATED"}
{"ts":1770867356053,"action":"IDE_DEACTIVATED"}
{"ts":1770868638536,"action":"IDE_ACTIVATED"}
{"ts":1770868641569,"action":"IDE_DEACTIVATED"}
{"ts":1770868643344,"action":"IDE_ACTIVATED"}
{"ts":1770868643715,"action":"IDE_DEACTIVATED"}
{"ts":1770868696858,"action":"IDE_ACTIVATED"}
{"ts":1770868707189,"action":"IDE_DEACTIVATED"}
{"ts":1770868710741,"action":"IDE_ACTIVATED"}
{"ts":1770868714549,"action":"IDE_DEACTIVATED"}
{"ts":1770868735591,"action":"IDE_ACTIVATED"}
{"ts":1770868748276,"action":"IDE_DEACTIVATED"}
{"ts":1770868750293,"action":"IDE_ACTIVATED"}
{"ts":1770868755378,"action":"IDE_DEACTIVATED"}
{"ts":1770868937875,"action":"IDE_ACTIVATED"}
{"ts":1770868949452,"action":"IDE_DEACTIVATED"}
{"ts":1770869059381,"action":"IDE_ACTIVATED"}
{"ts":1770869069114,"action":"IDE_DEACTIVATED"}
{"ts":1770869072167,"action":"IDE_ACTIVATED"}
{"ts":1770869072386,"action":"IDE_DEACTIVATED"}
{"ts":1770869073706,"action":"IDE_ACTIVATED"}
{"ts":1770869074697,"action":"IDE_DEACTIVATED"}
{"ts":1770869118011,"action":"IDE_ACTIVATED"}
{"ts":1770869127748,"action":"IDE_DEACTIVATED"}
{"ts":1770869130693,"action":"IDE_ACTIVATED"}
{"ts":1770869131689,"action":"IDE_DEACTIVATED"}
{"ts":1770869155081,"action":"IDE_ACTIVATED"}
{"ts":1770869170346,"action":"IDE_DEACTIVATED"}
{"ts":1770869172391,"action":"IDE_ACTIVATED"}
{"ts":1770869175094,"action":"IDE_DEACTIVATED"}
{"ts":1770869205331,"action":"IDE_ACTIVATED"}
{"ts":1770869209191,"action":"IDE_DEACTIVATED"}
{"ts":1770869215765,"action":"IDE_ACTIVATED"}
{"ts":1770869216615,"action":"IDE_DEACTIVATED"}
{"ts":1770869219628,"action":"IDE_ACTIVATED"}
{"ts":1770869228474,"action":"IDE_DEACTIVATED"}
{"ts":1770869231485,"action":"IDE_ACTIVATED"}
{"ts":1770869233653,"action":"IDE_DEACTIVATED"}
{"ts":1770869251425,"action":"IDE_ACTIVATED"}
{"ts":1770869254910,"action":"IDE_DEACTIVATED"}
{"ts":1770869256431,"action":"IDE_ACTIVATED"}
{"ts":1770869257198,"action":"IDE_DEACTIVATED"}
{"ts":1770869259354,"action":"IDE_ACTIVATED"}
{"ts":1770869272743,"action":"IDE_DEACTIVATED"}
{"ts":1770869384601,"action":"IDE_ACTIVATED"}
{"ts":1770869392099,"action":"IDE_DEACTIVATED"}
{"ts":1770869687454,"action":"IDE_ACTIVATED"}
{"ts":1770869693509,"action":"IDE_DEACTIVATED"}
{"ts":1770869696105,"action":"IDE_ACTIVATED"}
{"ts":1770869698686,"action":"IDE_DEACTIVATED"}
{"ts":1770869701113,"action":"IDE_ACTIVATED"}
{"ts":1770869702031,"action":"IDE_DEACTIVATED"}
{"ts":1770869705068,"action":"IDE_ACTIVATED"}
{"ts":1770869705680,"action":"IDE_DEACTIVATED"}
{"ts":1770869708013,"action":"IDE_ACTIVATED"}
{"ts":1770869710031,"action":"IDE_DEACTIVATED"}
{"ts":1770869715760,"action":"IDE_ACTIVATED"}
{"ts":1770869717786,"action":"IDE_DEACTIVATED"}
{"ts":1770869721560,"action":"IDE_ACTIVATED"}
{"ts":1770869722780,"action":"IDE_DEACTIVATED"}
{"ts":1770869726846,"action":"IDE_ACTIVATED"}
{"ts":1770869729108,"action":"IDE_DEACTIVATED"}
{"ts":1770869740802,"action":"IDE_ACTIVATED"}
{"ts":1770869741531,"action":"IDE_DEACTIVATED"}
{"ts":1770869751414,"action":"IDE_ACTIVATED"}
{"ts":1770869752665,"action":"IDE_DEACTIVATED"}
{"ts":1770869756735,"action":"IDE_ACTIVATED"}
{"ts":1770869757946,"action":"IDE_DEACTIVATED"}
{"ts":1770869768967,"action":"IDE_ACTIVATED"}
{"ts":1770869769895,"action":"IDE_DEACTIVATED"}
{"ts":1770869776212,"action":"IDE_ACTIVATED"}
{"ts":1770869778517,"action":"IDE_DEACTIVATED"}
{"ts":1770869997473,"action":"IDE_ACTIVATED"}
{"ts":1770870003860,"action":"FILE_OPENED","file":"/src/Test.java","tags":{"FILE_LINE_OF_CODE":"113"}}
{"ts":1770870063269,"action":"IDE_DEACTIVATED"}
{"ts":1770870065365,"action":"IDE_ACTIVATED"}
{"ts":1770870069689,"action":"IDE_DEACTIVATED"}
{"ts":1770870071837,"action":"IDE_ACTIVATED"}
{"ts":1770870072093,"action":"IDE_DEACTIVATED"}
{"ts":1770870074465,"action":"IDE_ACTIVATED"}
{"ts":1770870078243,"action":"IDE_DEACTIVATED"}
{"ts":1770870081032,"action":"IDE_ACTIVATED"}
{"ts":1770870084158,"action":"FILE_CLOSED","file":"/src/Test.java","tags":{"FILE_LINE_OF_CODE":"45"}}
{"ts":1770870093529,"action":"IDE_DEACTIVATED"}
{"ts":1770870293514,"action":"IDE_ACTIVATED"}
{"ts":1770870296360,"action":"IDE_DEACTIVATED"}
{"ts":1770870297586,"action":"IDE_ACTIVATED"}
{"ts":1770870298457,"action":"IDE_DEACTIVATED"}
{"ts":1770870418307,"action":"IDE_ACTIVATED"}
{"ts":1770870418779,"action":"IDE_DEACTIVATED"}
{"ts":1770870459816,"action":"IDE_ACTIVATED"}
{"ts":1770870461061,"action":"IDE_DEACTIVATED"}
{"ts":1770870463024,"action":"IDE_ACTIVATED"}
{"ts":1770870464159,"action":"IDE_DEACTIVATED"}
{"ts":1770870479452,"action":"IDE_ACTIVATED"}
{"ts":1770870479869,"action":"IDE_DEACTIVATED"}
{"ts":1770870483051,"action":"IDE_ACTIVATED"}
{"ts":1770870485934,"action":"IDE_DEACTIVATED"}
{"ts":1770870601127,"action":"IDE_ACTIVATED"}
{"ts":1770870601541,"action":"IDE_DEACTIVATED"}
{"ts":1770870609179,"action":"IDE_ACTIVATED"}
{"ts":1770870612112,"action":"IDE_DEACTIVATED"}
{"ts":1770870620431,"action":"IDE_ACTIVATED"}
{"ts":1770870622722,"action":"IDE_DEACTIVATED"}
{"ts":1770870772998,"action":"IDE_ACTIVATED"}
{"ts":1770870776941,"action":"FILE_OPENED","file":"/src/Test.java","tags":{"FILE_LINE_OF_CODE":"45"}}
{"ts":1770870814109,"action":"IDE_DEACTIVATED"}
{"ts":1770870815275,"action":"IDE_ACTIVATED"}
{"ts":1770870816019,"action":"IDE_DEACTIVATED"}
{"ts":1770870818040,"action":"IDE_ACTIVATED"}
{"ts":1770870818819,"action":"IDE_DEACTIVATED"}
{"ts":1770870819805,"action":"IDE_ACTIVATED"}
{"ts":1770870820991,"action":"IDE_DEACTIVATED"}
{"ts":1770870824814,"action":"IDE_ACTIVATED"}
{"ts":1770870826749,"action":"IDE_DEACTIVATED"}
{"ts":1770870831969,"action":"IDE_ACTIVATED"}
{"ts":1770870833491,"action":"IDE_DEACTIVATED"}
{"ts":1770870840264,"action":"IDE_ACTIVATED"}
{"ts":1770870840951,"action":"IDE_DEACTIVATED"}
{"ts":1770871069748,"action":"IDE_ACTIVATED"}
{"ts":1770871071073,"action":"IDE_DEACTIVATED"}
{"ts":1770871079230,"action":"IDE_ACTIVATED"}
{"ts":1770871084198,"action":"IDE_DEACTIVATED"}
{"ts":1770871084771,"action":"IDE_ACTIVATED"}
{"ts":1770871086427,"action":"IDE_DEACTIVATED"}
{"ts":1770871087795,"action":"IDE_ACTIVATED"}
{"ts":1770871089805,"action":"IDE_DEACTIVATED"}
{"ts":1770871091413,"action":"IDE_ACTIVATED"}
{"ts":1770871120265,"action":"IDE_DEACTIVATED"}
{"ts":1770871228503,"action":"IDE_ACTIVATED"}
{"ts":1770871237034,"action":"FILE_CLOSED","file":"/src/Test.java","tags":{"FILE_LINE_OF_CODE":"39"}}
{"ts":1770871239681,"action":"IDE_DEACTIVATED"}
{"ts":1770871240681,"action":"IDE_ACTIVATED"}
{"ts":1770871250452,"action":"IDE_DEACTIVATED"}
{"ts":1770871252215,"action":"IDE_ACTIVATED"}
{"ts":1770871253419,"action":"IDE_DEACTIVATED"}
{"ts":1770872014554,"action":"IDE_ACTIVATED"}
{"ts":1770872015030,"action":"IDE_DEACTIVATED"}
{"ts":1770872092324,"action":"IDE_ACTIVATED"}
{"ts":1770872098212,"action":"FILE_OPENED","file":"/src/Test.java","tags":{"FILE_LINE_OF_CODE":"39"}}
{"ts":1770872129194,"action":"IDE_DEACTIVATED"}
{"ts":1770872198667,"action":"IDE_ACTIVATED"}
{"ts":1770872199192,"action":"IDE_DEACTIVATED"}
{"ts":1770872275311,"action":"IDE_ACTIVATED"}
{"ts":1770872287753,"action":"IDE_DEACTIVATED"}
{"ts":1770872288401,"action":"IDE_ACTIVATED"}
{"ts":1770872289074,"action":"IDE_DEACTIVATED"}
{"ts":1770872290529,"action":"IDE_ACTIVATED"}
{"ts":1770872290899,"action":"IDE_DEACTIVATED"}
{"ts":1770872292730,"action":"IDE_ACTIVATED"}
{"ts":1770872308037,"action":"IDE_DEACTIVATED"}
{"ts":1770872308655,"action":"IDE_ACTIVATED"}
{"ts":1770872312933,"action":"IDE_DEACTIVATED"}
{"ts":1770872314987,"action":"IDE_ACTIVATED"}
{"ts":1770872316605,"action":"IDE_DEACTIVATED"}
{"ts":1770872387327,"action":"IDE_ACTIVATED"}
{"ts":1770872390702,"action":"FILE_CLOSED","file":"/src/Test.java","tags":{"FILE_LINE_OF_CODE":"50"}}
{"ts":1770872392053,"action":"IDE_DEACTIVATED"}
{"ts":1770872419023,"action":"IDE_ACTIVATED"}
{"ts":1770872424711,"action":"IDE_DEACTIVATED"}
{"ts":1770872425962,"action":"IDE_ACTIVATED"}
{"ts":1770872427104,"action":"IDE_DEACTIVATED"}
{"ts":1770872984821,"action":"IDE_ACTIVATED"}
{"ts":1770872986872,"action":"FILE_OPENED","file":"/src/Test.java","tags":{"FILE_LINE_OF_CODE":"50"}}
{"ts":1770872998675,"action":"IDE_DEACTIVATED"}
{"ts":1770873008277,"action":"IDE_ACTIVATED"}
{"ts":1770873011270,"action":"IDE_DEACTIVATED"}
{"ts":1770873013581,"action":"IDE_ACTIVATED"}
{"ts":1770873016068,"action":"FILE_CLOSED","file":"/src/Test.java","tags":{"FILE_LINE_OF_CODE":"34"}}
{"ts":1770873021193,"action":"IDE_DEACTIVATED"}
{"ts":1770873043801,"action":"IDE_ACTIVATED"}
{"ts":1770873044270,"action":"IDE_DEACTIVATED"}
{"ts":1770873107507,"action":"IDE_ACTIVATED"}
{"ts":1770873110208,"action":"IDE_DEACTIVATED"}
{"ts":1770873110579,"action":"IDE_ACTIVATED"}
{"ts":1770873113151,"action":"IDE_DEACTIVATED"}
{"ts":1770873124363,"action":"IDE_ACTIVATED"}
{"ts":1770873127406,"action":"IDE_DEACTIVATED"}
{"ts":1770873162215,"action":"IDE_ACTIVATED"}
{"ts":1770873168217,"action":"IDE_DEACTIVATED"}
{"ts":1770873170429,"action":"IDE_ACTIVATED"}
{"ts":1770873171579,"action":"IDE_DEACTIVATED"}
{"ts":1770873362488,"action":"IDE_ACTIVATED"}
{"ts":1770873367036,"action":"FILE_OPENED","file":"/src/Test.java","tags":{"FILE_LINE_OF_CODE":"34"}}
{"ts":1770873375545,"action":"IDE_DEACTIVATED"}
{"ts":1770873400766,"action":"IDE_ACTIVATED"}
{"ts":1770873401370,"action":"IDE_DEACTIVATED"}
{"ts":1770873404431,"action":"IDE_ACTIVATED"}
{"ts":1770873405758,"action":"IDE_DEACTIVATED"}
{"ts":1770874264029,"action":"IDE_ACTIVATED"}
{"ts":1770874264506,"action":"IDE_DEACTIVATED"}
{"ts":1770874619522,"action":"IDE_ACTIVATED"}
{"ts":1770874646561,"action":"IDE_DEACTIVATED"}
{"ts":1770874648847,"action":"IDE_ACTIVATED"}
{"ts":1770874649948,"action":"IDE_DEACTIVATED"}
{"ts":1770874653211,"action":"IDE_ACTIVATED"}
{"ts":1770874656345,"action":"IDE_DEACTIVATED"}
{"ts":1770874661806,"action":"IDE_ACTIVATED"}
{"ts":1770874675707,"action":"IDE_DEACTIVATED"}
{"ts":1770874682826,"action":"IDE_ACTIVATED"}
{"ts":1770874700957,"action":"IDE_DEACTIVATED"}
{"ts":1770874703978,"action":"IDE_ACTIVATED"}
{"ts":1770874707976,"action":"IDE_DEACTIVATED"}
{"ts":1770874710529,"action":"IDE_ACTIVATED"}
{"ts":1770874721185,"action":"IDE_DEACTIVATED"}
{"ts":1770874723527,"action":"IDE_ACTIVATED"}
{"ts":1770874728075,"action":"IDE_DEACTIVATED"}
{"ts":1770874730783,"action":"IDE_ACTIVATED"}
{"ts":1770874736623,"action":"IDE_DEACTIVATED"}
{"ts":1770874742984,"action":"IDE_ACTIVATED"}
{"ts":1770874747415,"action":"IDE_DEACTIVATED"}
{"ts":1770874765106,"action":"IDE_ACTIVATED"}
{"ts":1770874772282,"action":"IDE_DEACTIVATED"}
{"ts":1770874772702,"action":"IDE_ACTIVATED"}
{"ts":1770874772902,"action":"IDE_DEACTIVATED"}
{"ts":1770874776841,"action":"IDE_ACTIVATED"}
{"ts":1770874788446,"action":"IDE_DEACTIVATED"}
{"ts":1770874790537,"action":"IDE_ACTIVATED"}
{"ts":1770874791549,"action":"IDE_DEACTIVATED"}
{"ts":1770874793997,"action":"IDE_ACTIVATED"}
{"ts":1770874799177,"action":"IDE_DEACTIVATED"}
{"ts":1770874799882,"action":"IDE_ACTIVATED"}
{"ts":1770874800005,"action":"IDE_DEACTIVATED"}
{"ts":1770874823429,"action":"IDE_ACTIVATED"}
{"ts":1770874846306,"action":"IDE_DEACTIVATED"}
{"ts":1770874881162,"action":"IDE_ACTIVATED"}
{"ts":1770874888713,"action":"IDE_DEACTIVATED"}
{"ts":1770874890639,"action":"IDE_ACTIVATED"}
{"ts":1770874892532,"action":"IDE_DEACTIVATED"}
{"ts":1770874894130,"action":"IDE_ACTIVATED"}
{"ts":1770874896683,"action":"IDE_DEACTIVATED"}
{"ts":1770874897479,"action":"IDE_ACTIVATED"}
{"ts":1770874907691,"action":"IDE_DEACTIVATED"}
{"ts":1770874909817,"action":"IDE_ACTIVATED"}
{"ts":1770874921206,"action":"IDE_DEACTIVATED"}
{"ts":1770874923268,"action":"IDE_ACTIVATED"}
{"ts":1770874950444,"action":"IDE_DEACTIVATED"}
{"ts":1770874953242,"action":"IDE_ACTIVATED"}
{"ts":1770874962753,"action":"IDE_DEACTIVATED"}
{"ts":1770874964683,"action":"IDE_ACTIVATED"}
{"ts":1770874981850,"action":"IDE_DEACTIVATED"}
{"ts":1770874984191,"action":"IDE_ACTIVATED"}
{"ts":1770875004458,"action":"IDE_DEACTIVATED"}
{"ts":1770875006889,"action":"IDE_ACTIVATED"}
{"ts":1770875007304,"action":"IDE_DEACTIVATED"}
{"ts":1770875009814,"action":"IDE_ACTIVATED"}
{"ts":1770875016000,"action":"IDE_DEACTIVATED"}
{"ts":1770875219069,"action":"IDE_ACTIVATED"}
{"ts":1770875223792,"action":"IDE_DEACTIVATED"}
{"ts":1770875225618,"action":"IDE_ACTIVATED"}
{"ts":1770875240229,"action":"IDE_DEACTIVATED"}
{"ts":1770875242337,"action":"IDE_ACTIVATED"}
{"ts":1770875246231,"action":"IDE_DEACTIVATED"}
{"ts":1770875247180,"action":"IDE_ACTIVATED"}
{"ts":1770875274637,"action":"IDE_DEACTIVATED"}
{"ts":1770875275207,"action":"IDE_ACTIVATED"}
{"ts":1770875278465,"action":"IDE_DEACTIVATED"}
{"ts":1770875280852,"action":"IDE_ACTIVATED"}
{"ts":1770875284022,"action":"IDE_DEACTIVATED"}
{"ts":1770875284859,"action":"IDE_ACTIVATED"}
{"ts":1770875289850,"action":"IDE_DEACTIVATED"}
{"ts":1770875291602,"action":"IDE_ACTIVATED"}
{"ts":1770875302258,"action":"IDE_DEACTIVATED"}
{"ts":1770875303128,"action":"IDE_ACTIVATED"}
{"ts":1770875305219,"action":"IDE_DEACTIVATED"}
{"ts":1770875307408,"action":"IDE_ACTIVATED"}
{"ts":1770875308747,"action":"IDE_DEACTIVATED"}
{"ts":1770875373596,"action":"IDE_ACTIVATED"}
{"ts":1770875374291,"action":"IDE_DEACTIVATED"}
{"ts":1770875953180,"action":"IDE_ACTIVATED"}
{"ts":1770875959381,"action":"FILE_CLOSED","file":"/src/Test.java","tags":{"FILE_LINE_OF_CODE":"40"}}
{"ts":1770875964608,"action":"IDE_DEACTIVATED"}
{"ts":1770875966505,"action":"IDE_ACTIVATED"}
{"ts":1770875967170,"action":"IDE_DEACTIVATED"}
{"ts":1770875970874,"action":"IDE_ACTIVATED"}
{"ts":1770875972650,"action":"IDE_DEACTIVATED"}
{"ts":1770875980732,"action":"IDE_ACTIVATED"}
{"ts":1770875981477,"action":"IDE_DEACTIVATED"}
{"ts":1770876499355,"action":"IDE_ACTIVATED"}
{"ts":1770876500964,"action":"FILE_OPENED","file":"/src/Test.java","tags":{"FILE_LINE_OF_CODE":"40"}}
{"ts":1770876506249,"action":"IDE_DEACTIVATED"}
{"ts":1770876508600,"action":"IDE_ACTIVATED"}
{"ts":1770876511240,"action":"IDE_DEACTIVATED"}
{"ts":1770876511731,"action":"IDE_ACTIVATED"}
{"ts":1770876516923,"action":"IDE_DEACTIVATED"}
{"ts":1770876518977,"action":"IDE_ACTIVATED"}
{"ts":1770876526466,"action":"IDE_DEACTIVATED"}
{"ts":1770876527711,"action":"IDE_ACTIVATED"}
{"ts":1770876533428,"action":"IDE_DEACTIVATED"}
{"ts":1770876537043,"action":"IDE_ACTIVATED"}
{"ts":1770876564219,"action":"IDE_DEACTIVATED"}
{"ts":1770876585743,"action":"IDE_ACTIVATED"}
{"ts":1770876588178,"action":"IDE_DEACTIVATED"}
{"ts":1770876590253,"action":"IDE_ACTIVATED"}
{"ts":1770876591295,"action":"IDE_DEACTIVATED"}
{"ts":1770876642747,"action":"IDE_ACTIVATED"}
{"ts":1770876658260,"action":"IDE_DEACTIVATED"}
{"ts":1770876660436,"action":"IDE_ACTIVATED"}
{"ts":1770876661246,"action":"IDE_DEACTIVATED"}
{"ts":1770876693538,"action":"IDE_ACTIVATED"}
{"ts":1770876695250,"action":"IDE_DEACTIVATED"}
{"ts":1770876699279,"action":"IDE_ACTIVATED"}
{"ts":1770876700117,"action":"FILE_CLOSED","file":"/src/Test.java","tags":{"FILE_LINE_OF_CODE":"39"}}
{"ts":1770876715106,"action":"IDE_DEACTIVATED"}
{"ts":1770876721797,"action":"IDE_ACTIVATED"}
{"ts":1770876724814,"action":"IDE_DEACTIVATED"}
{"ts":1770876730666,"action":"IDE_ACTIVATED"}
{"ts":1770876731129,"action":"IDE_DEACTIVATED"}
{"ts":1770876915764,"action":"IDE_ACTIVATED"}
{"ts":1770876918727,"action":"IDE_DEACTIVATED"}
{"ts":1770876921592,"action":"IDE_ACTIVATED"}
{"ts":1770876926033,"action":"IDE_DEACTIVATED"}
{"ts":1770876926787,"action":"IDE_ACTIVATED"}
{"ts":1770876927861,"action":"IDE_DEACTIVATED"}
{"ts":1770876928355,"action":"IDE_ACTIVATED"}
{"ts":1770876929473,"action":"IDE_DEACTIVATED"}
{"ts":1770876933799,"action":"IDE_ACTIVATED"}
{"ts":1770876937562,"action":"IDE_DEACTIVATED"}
{"ts":1770876950177,"action":"IDE_ACTIVATED"}
{"ts":1770876950678,"action":"IDE_DEACTIVATED"}
{"ts":1770877425159,"action":"IDE_ACTIVATED"}
{"ts":1770877444322,"action":"IDE_DEACTIVATED"}
{"ts":1770877473540,"action":"IDE_ACTIVATED"}
{"ts":1770877514187,"action":"IDE_DEACTIVATED"}
{"ts":1770877560567,"action":"IDE_ACTIVATED"}
{"ts":1770877564588,"action":"IDE_DEACTIVATED"}
{"ts":1770877577148,"action":"IDE_ACTIVATED"}
{"ts":1770877595458,"action":"IDE_DEACTIVATED"}
{"ts":1770877596646,"action":"IDE_ACTIVATED"}
{"ts":1770877602679,"action":"IDE_DEACTIVATED"}
{"ts":1770877651812,"action":"IDE_ACTIVATED"}
{"ts":1770877670412,"action":"IDE_DEACTIVATED"}
{"ts":1770877704250,"action":"IDE_ACTIVATED"}
{"ts":1770877706539,"action":"PROJECT_CLOSED","tags":{"PROJECT_NAME":"Algorithm"}}
{"ts":1770897917920,"action":"IDE_DEACTIVATED"}
{"ts":1770897919565,"action":"PROJECT_OPENED","tags":{"PROJECT_NAME":"Algorithm"}}
{"ts":1770897921567,"action":"IDE_ACTIVATED"}
{"ts":1770897939937,"action":"FILE_OPENED","file":"/src/基础算法和其他/哈希/LeetCode3719_最长平衡子数组I/Main.java","tags":{"FILE_LINE_OF_CODE":"40"}}
{"ts":1770897948727,"action":"FILE_CLOSED","file":"/src/基础算法和其他/哈希/LeetCode3719_最长平衡子数组I/Main.java","tags":{"FILE_LINE_OF_CODE":"40"}}
{"ts":1770897948727,"action":"FILE_OPENED","file":"/src/基础算法和其他/双指针/subject/LeetCode3721_最长平衡子数组II/Main.java","tags":{"FILE_LINE_OF_CODE":"129"}}
{"ts":1770898026480,"action":"IDE_DEACTIVATED"}
{"ts":1770898034475,"action":"IDE_ACTIVATED"}
{"ts":1770898036602,"action":"IDE_DEACTIVATED"}
{"ts":1770898037728,"action":"IDE_ACTIVATED"}
{"ts":1770898046835,"action":"FILE_CLOSED","file":"/src/数据结构/树/subject/线段树/LeetCode3721_最长平衡子数组II/Main.java","tags":{"FILE_LINE_OF_CODE":"129"}}
{"ts":1770898046835,"action":"FILE_OPENED","file":"/src/基础算法和其他/哈希/LeetCode3713_最长平衡子串I/Main.java","tags":{"FILE_LINE_OF_CODE":"5"}}
{"ts":1770898048819,"action":"IDE_DEACTIVATED"}
{"ts":1770898051931,"action":"IDE_ACTIVATED"}
{"ts":1770898060700,"action":"FILE_CLOSED","file":"/src/基础算法和其他/哈希/LeetCode3713_最长平衡子串I/Main.java","tags":{"FILE_LINE_OF_CODE":"11"}}
{"ts":1770898060700,"action":"FILE_OPENED","file":"/src/数据结构/树/subject/线段树/LeetCode3721_最长平衡子数组II/Main.java","tags":{"FILE_LINE_OF_CODE":"129"}}
{"ts":1770898064201,"action":"FILE_CLOSED","file":"/src/数据结构/树/subject/线段树/LeetCode3721_最长平衡子数组II/Main.java","tags":{"FILE_LINE_OF_CODE":"129"}}
{"ts":1770898064201,"action":"FILE_OPENED","file":"/src/基础算法和其他/哈希/LeetCode3713_最长平衡子串I/Main.java","tags":{"FILE_LINE_OF_CODE":"11"}}
{"ts":1770898074210,"action":"FILE_CLOSED","file":"/src/基础算法和其他/哈希/LeetCode3713_最长平衡子串I/Main.java","tags":{"FILE_LINE_OF_CODE":"12"}}
{"ts":1770898074210,"action":"FILE_OPENED","file":"/src/数据结构/树/subject/线段树/LeetCode3721_最长平衡子数组II/Main.java","tags":{"FILE_LINE_OF_CODE":"129"}}
{"ts":1770898078605,"action":"FILE_CLOSED","file":"/src/数据结构/树/subject/线段树/LeetCode3721_最长平衡子数组II/Main.java","tags":{"FILE_LINE_OF_CODE":"129"}}
{"ts":1770898078605,"action":"FILE_OPENED","file":"/src/基础算法和其他/哈希/LeetCode3713_最长平衡子串I/Main.java","tags":{"FILE_LINE_OF_CODE":"12"}}
{"ts":1770898110219,"action":"FILE_CLOSED","file":"/src/基础算法和其他/哈希/LeetCode3713_最长平衡子串I/Main.java","tags":{"FILE_LINE_OF_CODE":"18"}}
{"ts":1770898110219,"action":"FILE_OPENED","file":"/src/数据结构/树/subject/线段树/LeetCode3721_最长平衡子数组II/Main.java","tags":{"FILE_LINE_OF_CODE":"129"}}
{"ts":1770898129819,"action":"FILE_CLOSED","file":"/src/数据结构/树/subject/线段树/LeetCode3721_最长平衡子数组II/Main.java","tags":{"FILE_LINE_OF_CODE":"129"}}
{"ts":1770898129819,"action":"FILE_OPENED","file":"/src/基础算法和其他/哈希/LeetCode3713_最长平衡子串I/Main.java","tags":{"FILE_LINE_OF_CODE":"18"}}
{"ts":1770898173203,"action":"IDE_DEACTIVATED"}
{"ts":1770898181913,"action":"IDE_ACTIVATED"}
{"ts":1770898185810,"action":"IDE_DEACTIVATED"}
{"ts":1770898198190,"action":"IDE_ACTIVATED"}
{"ts":1770898199828,"action":"IDE_DEACTIVATED"}
{"ts":1770898200463,"action":"IDE_ACTIVATED"}
{"ts":1770898203652,"action":"IDE_DEACTIVATED"}
{"ts":1770898210169,"action":"IDE_ACTIVATED"}
{"ts":1770898220112,"action":"IDE_DEACTIVATED"}
{"ts":1770898240639,"action":"IDE_ACTIVATED"}
{"ts":1770898243110,"action":"IDE_DEACTIVATED"}
{"ts":1770898246470,"action":"IDE_ACTIVATED"}
{"ts":1770898250583,"action":"IDE_DEACTIVATED"}
{"ts":1770898251435,"action":"IDE_ACTIVATED"}
{"ts":1770898259262,"action":"IDE_DEACTIVATED"}
{"ts":1770898261259,"action":"IDE_ACTIVATED"}
{"ts":1770898302323,"action":"IDE_DEACTIVATED"}
{"ts":1770898306443,"action":"IDE_ACTIVATED"}
{"ts":1770898317411,"action":"IDE_DEACTIVATED"}
{"ts":1770898364493,"action":"IDE_ACTIVATED"}
{"ts":1770898366063,"action":"IDE_DEACTIVATED"}
{"ts":1770898383158,"action":"IDE_ACTIVATED"}
{"ts":1770898385119,"action":"IDE_DEACTIVATED"}
{"ts":1770898400543,"action":"IDE_ACTIVATED"}
{"ts":1770898448901,"action":"FILE_CLOSED","file":"/src/基础算法和其他/哈希/LeetCode3713_最长平衡子串I/Main.java","tags":{"FILE_LINE_OF_CODE":"34"}}
{"ts":1770898448901,"action":"FILE_OPENED","file":"/src/数据结构/树/subject/扫描线/LeetCode3454_分割正方形II/Main.java","tags":{"FILE_LINE_OF_CODE":"5"}}
{"ts":1770898451323,"action":"IDE_DEACTIVATED"}
{"ts":1770898452957,"action":"IDE_ACTIVATED"}
{"ts":1770898457462,"action":"IDE_DEACTIVATED"}
{"ts":1770898636631,"action":"IDE_ACTIVATED"}
{"ts":1770898641026,"action":"IDE_DEACTIVATED"}
{"ts":1770898642740,"action":"IDE_ACTIVATED"}
{"ts":1770898644655,"action":"IDE_DEACTIVATED"}
{"ts":1770898646696,"action":"IDE_ACTIVATED"}
{"ts":1770898666983,"action":"IDE_DEACTIVATED"}
{"ts":1770898702060,"action":"IDE_ACTIVATED"}
{"ts":1770898704929,"action":"IDE_DEACTIVATED"}
{"ts":1770898774550,"action":"IDE_ACTIVATED"}
{"ts":1770898797224,"action":"IDE_DEACTIVATED"}
{"ts":1770898798209,"action":"IDE_ACTIVATED"}
{"ts":1770898817490,"action":"IDE_DEACTIVATED"}
{"ts":1770898818738,"action":"IDE_ACTIVATED"}
{"ts":1770898821019,"action":"IDE_DEACTIVATED"}
{"ts":1770898821536,"action":"IDE_ACTIVATED"}
{"ts":1770898827036,"action":"IDE_DEACTIVATED"}
{"ts":1770898829950,"action":"IDE_ACTIVATED"}
{"ts":1770898830488,"action":"IDE_DEACTIVATED"}
{"ts":1770898830881,"action":"IDE_ACTIVATED"}
{"ts":1770898879659,"action":"IDE_DEACTIVATED"}
{"ts":1770898888747,"action":"IDE_ACTIVATED"}
{"ts":1770898900210,"action":"IDE_DEACTIVATED"}
{"ts":1770898900807,"action":"IDE_ACTIVATED"}
{"ts":1770898901934,"action":"IDE_DEACTIVATED"}
{"ts":1770898902535,"action":"IDE_ACTIVATED"}
{"ts":1770898909025,"action":"IDE_DEACTIVATED"}
{"ts":1770898917243,"action":"IDE_ACTIVATED"}
{"ts":1770898926329,"action":"IDE_DEACTIVATED"}
{"ts":1770898929767,"action":"IDE_ACTIVATED"}
{"ts":1770898933309,"action":"IDE_DEACTIVATED"}
{"ts":1770898933707,"action":"IDE_ACTIVATED"}
{"ts":1770898941393,"action":"IDE_DEACTIVATED"}
{"ts":1770898964178,"action":"IDE_ACTIVATED"}
{"ts":1770898965776,"action":"IDE_DEACTIVATED"}
{"ts":1770898971770,"action":"IDE_ACTIVATED"}
{"ts":1770898972186,"action":"IDE_DEACTIVATED"}
{"ts":1770899051905,"action":"IDE_ACTIVATED"}
{"ts":1770899055673,"action":"IDE_DEACTIVATED"}
{"ts":1770899097117,"action":"IDE_ACTIVATED"}
{"ts":1770899157327,"action":"IDE_DEACTIVATED"}
{"ts":1770899183623,"action":"IDE_ACTIVATED"}
{"ts":1770899186815,"action":"IDE_DEACTIVATED"}
{"ts":1770899187564,"action":"IDE_ACTIVATED"}
{"ts":1770899210001,"action":"FILE_CLOSED","file":"/src/数据结构/树/subject/扫描线/LeetCode3454_分割正方形II/Main.java","tags":{"FILE_LINE_OF_CODE":"26"}}
{"ts":1770899210001,"action":"FILE_OPENED","file":"/src/基础算法和其他/模拟/LeetCode3640_三段式数组II/Main.java","tags":{"FILE_LINE_OF_CODE":"5"}}
{"ts":1770899211523,"action":"IDE_DEACTIVATED"}
{"ts":1770899212840,"action":"IDE_ACTIVATED"}
{"ts":1770899215229,"action":"IDE_DEACTIVATED"}
{"ts":1770899233697,"action":"IDE_ACTIVATED"}
{"ts":1770899250961,"action":"IDE_DEACTIVATED"}
{"ts":1770899252199,"action":"IDE_ACTIVATED"}
{"ts":1770899254980,"action":"IDE_DEACTIVATED"}
{"ts":1770899255849,"action":"IDE_ACTIVATED"}
{"ts":1770899258730,"action":"IDE_DEACTIVATED"}
{"ts":1770899260219,"action":"IDE_ACTIVATED"}
{"ts":1770899265985,"action":"IDE_DEACTIVATED"}
{"ts":1770899267105,"action":"IDE_ACTIVATED"}
{"ts":1770899272046,"action":"IDE_DEACTIVATED"}
{"ts":1770899276045,"action":"IDE_ACTIVATED"}
{"ts":1770899365500,"action":"IDE_DEACTIVATED"}
{"ts":1770899399927,"action":"IDE_ACTIVATED"}
{"ts":1770899403990,"action":"IDE_DEACTIVATED"}
{"ts":1770899415194,"action":"IDE_ACTIVATED"}
{"ts":1770899423775,"action":"IDE_DEACTIVATED"}
{"ts":1770899426240,"action":"IDE_ACTIVATED"}
{"ts":1770899429294,"action":"IDE_DEACTIVATED"}
{"ts":1770899430074,"action":"IDE_ACTIVATED"}
{"ts":1770899437102,"action":"IDE_DEACTIVATED"}
{"ts":1770899438503,"action":"IDE_ACTIVATED"}
{"ts":1770899465518,"action":"IDE_DEACTIVATED"}
{"ts":1770899466617,"action":"IDE_ACTIVATED"}
{"ts":1770899472954,"action":"IDE_DEACTIVATED"}
{"ts":1770899475066,"action":"IDE_ACTIVATED"}
{"ts":1770899489665,"action":"IDE_DEACTIVATED"}
{"ts":1770899491197,"action":"IDE_ACTIVATED"}
{"ts":1770899519683,"action":"IDE_DEACTIVATED"}
{"ts":1770899520371,"action":"IDE_ACTIVATED"}
{"ts":1770899546417,"action":"IDE_DEACTIVATED"}
{"ts":1770899547667,"action":"IDE_ACTIVATED"}
{"ts":1770899550516,"action":"IDE_DEACTIVATED"}
{"ts":1770899555490,"action":"IDE_ACTIVATED"}
{"ts":1770899563431,"action":"IDE_DEACTIVATED"}
{"ts":1770899565044,"action":"IDE_ACTIVATED"}
{"ts":1770899569246,"action":"IDE_DEACTIVATED"}
{"ts":1770899574867,"action":"IDE_ACTIVATED"}
{"ts":1770899605651,"action":"IDE_DEACTIVATED"}
{"ts":1770899607179,"action":"IDE_ACTIVATED"}
{"ts":1770899650135,"action":"IDE_DEACTIVATED"}
{"ts":1770899669510,"action":"IDE_ACTIVATED"}
{"ts":1770899694474,"action":"IDE_DEACTIVATED"}
{"ts":1770899724327,"action":"IDE_ACTIVATED"}
{"ts":1770899736380,"action":"IDE_DEACTIVATED"}
{"ts":1770899739203,"action":"IDE_ACTIVATED"}
{"ts":1770899761644,"action":"IDE_DEACTIVATED"}
{"ts":1770899781899,"action":"IDE_ACTIVATED"}
{"ts":1770899786038,"action":"IDE_DEACTIVATED"}
{"ts":1770899806411,"action":"IDE_ACTIVATED"}
{"ts":1770899820867,"action":"PROJECT_CLOSED","tags":{"PROJECT_NAME":"Algorithm"}}
{"ts":1770912280801,"action":"FILE_OPENED","file":"/src/基础算法和其他/模拟/LeetCode3640_三段式数组II/Main.java","tags":{"FILE_LINE_OF_CODE":"53"}}
{"ts":1770912282871,"action":"PROJECT_OPENED","tags":{"PROJECT_NAME":"Algorithm"}}
{"ts":1770912354684,"action":"IDE_DEACTIVATED"}
{"ts":1770912363993,"action":"IDE_ACTIVATED"}
{"ts":1770912368153,"action":"FILE_CLOSED","file":"/src/基础算法和其他/模拟/LeetCode3640_三段式数组II/Main.java","tags":{"FILE_LINE_OF_CODE":"53"}}
{"ts":1770912368153,"action":"FILE_OPENED","file":"/src/Test.java","tags":{"FILE_LINE_OF_CODE":"39"}}
{"ts":1770912375665,"action":"IDE_DEACTIVATED"}
{"ts":1770912380557,"action":"IDE_ACTIVATED"}
{"ts":1770912387037,"action":"FILE_CLOSED","file":"/src/Test.java","tags":{"FILE_LINE_OF_CODE":"48"}}
{"ts":1770912387037,"action":"FILE_OPENED","file":"/src/基础算法和其他/模拟/LeetCode3640_三段式数组II/Main.java","tags":{"FILE_LINE_OF_CODE":"53"}}
{"ts":1770912407489,"action":"FILE_CLOSED","file":"/src/基础算法和其他/模拟/LeetCode3640_三段式数组II/Main.java","tags":{"FILE_LINE_OF_CODE":"54"}}
{"ts":1770912407489,"action":"FILE_OPENED","file":"/src/Test.java","tags":{"FILE_LINE_OF_CODE":"48"}}
{"ts":1770912416336,"action":"FILE_CLOSED","file":"/src/Test.java","tags":{"FILE_LINE_OF_CODE":"48"}}
{"ts":1770912423505,"action":"IDE_DEACTIVATED"}
{"ts":1770912425503,"action":"IDE_ACTIVATED"}
{"ts":1770912426045,"action":"IDE_DEACTIVATED"}
{"ts":1770912433674,"action":"IDE_ACTIVATED"}
{"ts":1770912435868,"action":"IDE_DEACTIVATED"}
{"ts":1770915712355,"action":"IDE_ACTIVATED"}
{"ts":1770915733282,"action":"IDE_DEACTIVATED"}
{"ts":1770915734854,"action":"IDE_ACTIVATED"}
{"ts":1770915735651,"action":"IDE_DEACTIVATED"}
{"ts":1770915739395,"action":"IDE_ACTIVATED"}
{"ts":1770915740616,"action":"IDE_DEACTIVATED"}
{"ts":1770916695003,"action":"IDE_ACTIVATED"}
{"ts":1770916696622,"action":"FILE_OPENED","file":"/src/Test.java","tags":{"FILE_LINE_OF_CODE":"48"}}
{"ts":1770916714172,"action":"IDE_DEACTIVATED"}
{"ts":1770916716001,"action":"IDE_ACTIVATED"}
{"ts":1770916717097,"action":"IDE_DEACTIVATED"}
{"ts":1770916768033,"action":"IDE_ACTIVATED"}
{"ts":1770916773762,"action":"IDE_DEACTIVATED"}
{"ts":1770916775268,"action":"IDE_ACTIVATED"}
{"ts":1770916777104,"action":"IDE_DEACTIVATED"}
{"ts":1770916875065,"action":"IDE_ACTIVATED"}
{"ts":1770916876623,"action":"IDE_DEACTIVATED"}
{"ts":1770916892999,"action":"IDE_ACTIVATED"}
{"ts":1770916895674,"action":"IDE_DEACTIVATED"}
{"ts":1770916902069,"action":"IDE_ACTIVATED"}
{"ts":1770916902507,"action":"IDE_DEACTIVATED"}
{"ts":1770916903785,"action":"IDE_ACTIVATED"}
{"ts":1770916904684,"action":"IDE_DEACTIVATED"}
{"ts":1770916938439,"action":"IDE_ACTIVATED"}
{"ts":1770916938891,"action":"IDE_DEACTIVATED"}
{"ts":1770916947391,"action":"IDE_ACTIVATED"}
{"ts":1770916951757,"action":"IDE_DEACTIVATED"}
{"ts":1770916967788,"action":"IDE_ACTIVATED"}
{"ts":1770916976354,"action":"IDE_DEACTIVATED"}
{"ts":1770916977955,"action":"IDE_ACTIVATED"}
{"ts":1770916978755,"action":"IDE_DEACTIVATED"}
{"ts":1770917008027,"action":"IDE_ACTIVATED"}
{"ts":1770917008267,"action":"IDE_DEACTIVATED"}
{"ts":1770917128961,"action":"IDE_ACTIVATED"}
{"ts":1770917130239,"action":"IDE_DEACTIVATED"}
{"ts":1770917832241,"action":"IDE_ACTIVATED"}
{"ts":1770917834204,"action":"PROJECT_CLOSED","tags":{"PROJECT_NAME":"Algorithm"}}
{"ts":1770982891456,"action":"FILE_OPENED","file":"/src/Test.java","tags":{"FILE_LINE_OF_CODE":"31"}}
{"ts":1770982892979,"action":"PROJECT_OPENED","tags":{"PROJECT_NAME":"Algorithm"}}
{"ts":1770986447912,"action":"IDE_DEACTIVATED"}
{"ts":1770986450335,"action":"IDE_ACTIVATED"}
{"ts":1770986452461,"action":"FILE_CLOSED","file":"/src/Test.java","tags":{"FILE_LINE_OF_CODE":"31"}}
{"ts":1770986454102,"action":"IDE_DEACTIVATED"}
{"ts":1770986455431,"action":"IDE_ACTIVATED"}
{"ts":1770986456821,"action":"IDE_DEACTIVATED"}
{"ts":1770986460556,"action":"IDE_ACTIVATED"}
{"ts":1770986461531,"action":"IDE_DEACTIVATED"}
{"ts":1770986463327,"action":"IDE_ACTIVATED"}
{"ts":1770986465731,"action":"IDE_DEACTIVATED"}
{"ts":1770986470310,"action":"IDE_ACTIVATED"}
{"ts":1770986471274,"action":"IDE_DEACTIVATED"}
{"ts":1770986473084,"action":"IDE_ACTIVATED"}
{"ts":1770986474000,"action":"IDE_DEACTIVATED"}
{"ts":1770986476947,"action":"IDE_ACTIVATED"}
{"ts":1770986477684,"action":"IDE_DEACTIVATED"}
{"ts":1770986479810,"action":"IDE_ACTIVATED"}
{"ts":1770986480717,"action":"IDE_DEACTIVATED"}
{"ts":1770986491348,"action":"IDE_ACTIVATED"}
{"ts":1770986492186,"action":"IDE_DEACTIVATED"}
{"ts":1770986497605,"action":"IDE_ACTIVATED"}
{"ts":1770986498669,"action":"IDE_DEACTIVATED"}
{"ts":1770986503024,"action":"IDE_ACTIVATED"}
{"ts":1770986504620,"action":"IDE_DEACTIVATED"}
{"ts":1770986509403,"action":"IDE_ACTIVATED"}
{"ts":1770986510661,"action":"IDE_DEACTIVATED"}
{"ts":1770986514333,"action":"IDE_ACTIVATED"}
{"ts":1770986516788,"action":"IDE_DEACTIVATED"}
{"ts":1770986520073,"action":"IDE_ACTIVATED"}
{"ts":1770986521061,"action":"IDE_DEACTIVATED"}
{"ts":1770986528498,"action":"IDE_ACTIVATED"}
{"ts":1770986528954,"action":"IDE_DEACTIVATED"}
{"ts":1770986533379,"action":"IDE_ACTIVATED"}
{"ts":1770986535214,"action":"PROJECT_CLOSED","tags":{"PROJECT_NAME":"Algorithm"}}
{"ts":1771030641467,"action":"PROJECT_OPENED","tags":{"PROJECT_NAME":"Algorithm"}}
{"ts":1771030706284,"action":"IDE_DEACTIVATED"}
{"ts":1771030707166,"action":"IDE_ACTIVATED"}
{"ts":1771030711088,"action":"IDE_DEACTIVATED"}
{"ts":1771030713057,"action":"IDE_ACTIVATED"}
{"ts":1771030713587,"action":"IDE_DEACTIVATED"}
{"ts":1771030716250,"action":"IDE_ACTIVATED"}
{"ts":1771030718053,"action":"IDE_DEACTIVATED"}
{"ts":1771030961453,"action":"IDE_ACTIVATED"}
{"ts":1771030974388,"action":"IDE_DEACTIVATED"}
{"ts":1771030977200,"action":"IDE_ACTIVATED"}
{"ts":1771030990490,"action":"IDE_DEACTIVATED"}
{"ts":1771030992224,"action":"IDE_ACTIVATED"}
{"ts":1771030993308,"action":"IDE_DEACTIVATED"}
{"ts":1771031139193,"action":"IDE_ACTIVATED"}
{"ts":1771031145498,"action":"IDE_DEACTIVATED"}
{"ts":1771031147981,"action":"IDE_ACTIVATED"}
{"ts":1771031149214,"action":"IDE_DEACTIVATED"}
{"ts":1771031156893,"action":"IDE_ACTIVATED"}
{"ts":1771031157564,"action":"IDE_DEACTIVATED"}
{"ts":1771031160428,"action":"IDE_ACTIVATED"}
{"ts":1771031165438,"action":"IDE_DEACTIVATED"}
{"ts":1771031168154,"action":"IDE_ACTIVATED"}
{"ts":1771031171024,"action":"IDE_DEACTIVATED"}
{"ts":1771031339584,"action":"IDE_ACTIVATED"}
{"ts":1771031349430,"action":"IDE_DEACTIVATED"}
{"ts":1771031928302,"action":"IDE_ACTIVATED"}
{"ts":1771031937284,"action":"IDE_DEACTIVATED"}
{"ts":1771032093760,"action":"IDE_ACTIVATED"}
{"ts":1771032100819,"action":"IDE_DEACTIVATED"}
{"ts":1771032354100,"action":"IDE_ACTIVATED"}
{"ts":1771032356250,"action":"IDE_DEACTIVATED"}
{"ts":1771032359496,"action":"IDE_ACTIVATED"}
{"ts":1771032361723,"action":"IDE_DEACTIVATED"}
{"ts":1771032370859,"action":"IDE_ACTIVATED"}
{"ts":1771032371298,"action":"IDE_DEACTIVATED"}
{"ts":1771032376498,"action":"IDE_ACTIVATED"}
{"ts":1771032377516,"action":"IDE_DEACTIVATED"}
{"ts":1771032474173,"action":"IDE_ACTIVATED"}
{"ts":1771032480010,"action":"IDE_DEACTIVATED"}
{"ts":1771032481955,"action":"IDE_ACTIVATED"}
{"ts":1771032485233,"action":"IDE_DEACTIVATED"}
{"ts":1771032523328,"action":"IDE_ACTIVATED"}
{"ts":1771032534764,"action":"IDE_DEACTIVATED"}
{"ts":1771032537727,"action":"IDE_ACTIVATED"}
{"ts":1771032545349,"action":"IDE_DEACTIVATED"}
{"ts":1771032607681,"action":"IDE_ACTIVATED"}
{"ts":1771032612849,"action":"IDE_DEACTIVATED"}
{"ts":1771032657912,"action":"IDE_ACTIVATED"}
{"ts":1771032660883,"action":"IDE_DEACTIVATED"}
{"ts":1771032682021,"action":"IDE_ACTIVATED"}
{"ts":1771032684736,"action":"IDE_DEACTIVATED"}
{"ts":1771032686313,"action":"IDE_ACTIVATED"}
{"ts":1771032686603,"action":"IDE_DEACTIVATED"}
{"ts":1771032691269,"action":"IDE_ACTIVATED"}
{"ts":1771032692588,"action":"IDE_DEACTIVATED"}
{"ts":1771032693908,"action":"IDE_ACTIVATED"}
{"ts":1771032694281,"action":"IDE_DEACTIVATED"}
{"ts":1771032713496,"action":"IDE_ACTIVATED"}
{"ts":1771032714802,"action":"IDE_DEACTIVATED"}
{"ts":1771032720861,"action":"IDE_ACTIVATED"}
{"ts":1771032723413,"action":"IDE_DEACTIVATED"}
{"ts":1771032754613,"action":"IDE_ACTIVATED"}
{"ts":1771032755954,"action":"IDE_DEACTIVATED"}
{"ts":1771032815364,"action":"IDE_ACTIVATED"}
{"ts":1771032839532,"action":"IDE_DEACTIVATED"}
{"ts":1771032842417,"action":"IDE_ACTIVATED"}
{"ts":1771032846886,"action":"IDE_DEACTIVATED"}
{"ts":1771032899942,"action":"IDE_ACTIVATED"}
{"ts":1771032906374,"action":"IDE_DEACTIVATED"}
{"ts":1771032908927,"action":"IDE_ACTIVATED"}
{"ts":1771032920995,"action":"IDE_DEACTIVATED"}
{"ts":1771032923142,"action":"IDE_ACTIVATED"}
{"ts":1771032923689,"action":"IDE_DEACTIVATED"}
{"ts":1771032939488,"action":"IDE_ACTIVATED"}
{"ts":1771032949595,"action":"IDE_DEACTIVATED"}
{"ts":1771033035435,"action":"IDE_ACTIVATED"}
{"ts":1771033038046,"action":"IDE_DEACTIVATED"}
{"ts":1771033106092,"action":"IDE_ACTIVATED"}
{"ts":1771033107372,"action":"IDE_DEACTIVATED"}
{"ts":1771033119792,"action":"IDE_ACTIVATED"}
{"ts":1771033162175,"action":"IDE_DEACTIVATED"}
{"ts":1771033163661,"action":"IDE_ACTIVATED"}
{"ts":1771033164609,"action":"IDE_DEACTIVATED"}
{"ts":1771033165739,"action":"IDE_ACTIVATED"}
{"ts":1771033166950,"action":"IDE_DEACTIVATED"}
{"ts":1771033222351,"action":"IDE_ACTIVATED"}
{"ts":1771033238589,"action":"IDE_DEACTIVATED"}
{"ts":1771033239788,"action":"IDE_ACTIVATED"}
{"ts":1771033244313,"action":"IDE_DEACTIVATED"}
{"ts":1771033272200,"action":"IDE_ACTIVATED"}
{"ts":1771033280671,"action":"IDE_DEACTIVATED"}
{"ts":1771033343280,"action":"IDE_ACTIVATED"}
{"ts":1771033343839,"action":"IDE_DEACTIVATED"}
{"ts":1771033345318,"action":"IDE_ACTIVATED"}
{"ts":1771033345456,"action":"IDE_DEACTIVATED"}
{"ts":1771033349172,"action":"IDE_ACTIVATED"}
{"ts":1771033349810,"action":"IDE_DEACTIVATED"}
{"ts":1771033360416,"action":"IDE_ACTIVATED"}
{"ts":1771033365769,"action":"IDE_DEACTIVATED"}
{"ts":1771033366750,"action":"IDE_ACTIVATED"}
{"ts":1771033366902,"action":"IDE_DEACTIVATED"}
{"ts":1771033377732,"action":"IDE_ACTIVATED"}
{"ts":1771033381328,"action":"IDE_DEACTIVATED"}
{"ts":1771033384587,"action":"IDE_ACTIVATED"}
{"ts":1771033385364,"action":"IDE_DEACTIVATED"}
{"ts":1771033386101,"action":"IDE_ACTIVATED"}
{"ts":1771033386344,"action":"IDE_DEACTIVATED"}
{"ts":1771033397732,"action":"IDE_ACTIVATED"}
{"ts":1771033399494,"action":"IDE_DEACTIVATED"}
{"ts":1771033408128,"action":"IDE_ACTIVATED"}
{"ts":1771033409570,"action":"IDE_DEACTIVATED"}
{"ts":1771033417615,"action":"IDE_ACTIVATED"}
{"ts":1771033423371,"action":"IDE_DEACTIVATED"}
{"ts":1771033426954,"action":"IDE_ACTIVATED"}
{"ts":1771033436333,"action":"IDE_DEACTIVATED"}
{"ts":1771033441581,"action":"IDE_ACTIVATED"}
{"ts":1771033456008,"action":"IDE_DEACTIVATED"}
{"ts":1771033611731,"action":"IDE_ACTIVATED"}
{"ts":1771033615333,"action":"IDE_DEACTIVATED"}
{"ts":1771033617743,"action":"IDE_ACTIVATED"}
{"ts":1771033619284,"action":"IDE_DEACTIVATED"}
{"ts":1771033699055,"action":"IDE_ACTIVATED"}
{"ts":1771033711333,"action":"IDE_DEACTIVATED"}
{"ts":1771033733236,"action":"IDE_ACTIVATED"}
{"ts":1771033733666,"action":"IDE_DEACTIVATED"}
{"ts":1771033737108,"action":"IDE_ACTIVATED"}
{"ts":1771033739695,"action":"IDE_DEACTIVATED"}
{"ts":1771033915100,"action":"IDE_ACTIVATED"}
{"ts":1771033916538,"action":"IDE_DEACTIVATED"}
{"ts":1771033918025,"action":"IDE_ACTIVATED"}
{"ts":1771033923509,"action":"IDE_DEACTIVATED"}
{"ts":1771034140729,"action":"IDE_ACTIVATED"}
{"ts":1771034145527,"action":"FILE_OPENED","file":"/src/Test.java","tags":{"FILE_LINE_OF_CODE":"31"}}
{"ts":1771034171251,"action":"FILE_CLOSED","file":"/src/Test.java","tags":{"FILE_LINE_OF_CODE":"31"}}
{"ts":1771034171251,"action":"FILE_OPENED","file":"/src/动态规划/subject/背包/P13957_ICPC2023NanjingR_背包/MyRunnable.java","tags":{"FILE_LINE_OF_CODE":"36"}}
{"ts":1771034177090,"action":"IDE_DEACTIVATED"}
{"ts":1771034180084,"action":"IDE_ACTIVATED"}
{"ts":1771034181201,"action":"FILE_CLOSED","file":"/src/动态规划/subject/背包/P13957_ICPC2023NanjingR_背包/MyRunnable.java","tags":{"FILE_LINE_OF_CODE":"36"}}
{"ts":1771034181201,"action":"FILE_OPENED","file":"/src/动态规划/subject/背包/P13957_ICPC2023NanjingR_背包/ThreadPoolExecutorDemo.java","tags":{"FILE_LINE_OF_CODE":"37"}}
{"ts":1771034185675,"action":"IDE_DEACTIVATED"}
{"ts":1771034208814,"action":"IDE_ACTIVATED"}
{"ts":1771034438810,"action":"IDE_DEACTIVATED"}
{"ts":1771034440521,"action":"IDE_ACTIVATED"}
{"ts":1771034442896,"action":"IDE_DEACTIVATED"}
{"ts":1771034452116,"action":"IDE_ACTIVATED"}
{"ts":1771034461572,"action":"IDE_DEACTIVATED"}
{"ts":1771034462501,"action":"IDE_ACTIVATED"}
{"ts":1771034465891,"action":"IDE_DEACTIVATED"}
{"ts":1771034483752,"action":"IDE_ACTIVATED"}
{"ts":1771034486046,"action":"IDE_DEACTIVATED"}
{"ts":1771034506935,"action":"IDE_ACTIVATED"}
{"ts":1771034510616,"action":"IDE_DEACTIVATED"}
{"ts":1771034512302,"action":"IDE_ACTIVATED"}
{"ts":1771034515054,"action":"IDE_DEACTIVATED"}
{"ts":1771034630062,"action":"IDE_ACTIVATED"}
{"ts":1771034637305,"action":"FILE_CLOSED","file":"/src/动态规划/subject/背包/P13957_ICPC2023NanjingR_背包/ThreadPoolExecutorDemo.java","tags":{"FILE_LINE_OF_CODE":"37"}}
{"ts":1771034649290,"action":"IDE_DEACTIVATED"}
{"ts":1771035032586,"action":"IDE_ACTIVATED"}
{"ts":1771035040052,"action":"IDE_DEACTIVATED"}
{"ts":1771035041160,"action":"IDE_ACTIVATED"}
{"ts":1771035053977,"action":"FILE_OPENED","file":"/src/动态规划/subject/背包/P13957_ICPC2023NanjingR_背包/ThreadPoolExecutorDemo.java","tags":{"FILE_LINE_OF_CODE":"37"}}
{"ts":1771035056495,"action":"FILE_CLOSED","file":"/src/动态规划/subject/背包/P13957_ICPC2023NanjingR_背包/ThreadPoolExecutorDemo.java","tags":{"FILE_LINE_OF_CODE":"37"}}
{"ts":1771035065649,"action":"IDE_DEACTIVATED"}
{"ts":1771035093126,"action":"IDE_ACTIVATED"}
{"ts":1771035096730,"action":"IDE_DEACTIVATED"}
{"ts":1771035101199,"action":"IDE_ACTIVATED"}
{"ts":1771035101445,"action":"IDE_DEACTIVATED"}
{"ts":1771035104970,"action":"IDE_ACTIVATED"}
{"ts":1771035125807,"action":"FILE_OPENED","file":"/src/动态规划/subject/背包/P13957_ICPC2023NanjingR_背包/ThreadPoolExecutorDemo.java","tags":{"FILE_LINE_OF_CODE":"37"}}
{"ts":1771035134155,"action":"FILE_CLOSED","file":"/src/动态规划/subject/背包/P13957_ICPC2023NanjingR_背包/ThreadPoolExecutorDemo.java","tags":{"FILE_LINE_OF_CODE":"37"}}
{"ts":1771035136254,"action":"IDE_DEACTIVATED"}
{"ts":1771035137026,"action":"IDE_ACTIVATED"}
{"ts":1771035138549,"action":"IDE_DEACTIVATED"}
{"ts":1771035150779,"action":"IDE_ACTIVATED"}
{"ts":1771035159306,"action":"IDE_DEACTIVATED"}
{"ts":1771035174981,"action":"IDE_ACTIVATED"}
{"ts":1771035175235,"action":"IDE_DEACTIVATED"}
{"ts":1771035179309,"action":"IDE_ACTIVATED"}
{"ts":1771035179895,"action":"IDE_DEACTIVATED"}
{"ts":1771035189631,"action":"IDE_ACTIVATED"}
{"ts":1771035193246,"action":"IDE_DEACTIVATED"}
{"ts":1771035194562,"action":"IDE_ACTIVATED"}
{"ts":1771035194869,"action":"IDE_DEACTIVATED"}
{"ts":1771035247061,"action":"IDE_ACTIVATED"}
{"ts":1771035250076,"action":"IDE_DEACTIVATED"}
{"ts":1771035332678,"action":"IDE_ACTIVATED"}
{"ts":1771035338815,"action":"IDE_DEACTIVATED"}
{"ts":1771035343682,"action":"IDE_ACTIVATED"}
{"ts":1771035345411,"action":"IDE_DEACTIVATED"}
{"ts":1771035362258,"action":"IDE_ACTIVATED"}
{"ts":1771035368858,"action":"IDE_DEACTIVATED"}
{"ts":1771035371742,"action":"IDE_ACTIVATED"}
{"ts":1771035392939,"action":"IDE_DEACTIVATED"}
{"ts":1771035950150,"action":"IDE_ACTIVATED"}
{"ts":1771035961647,"action":"FILE_OPENED","file":"/src/动态规划/subject/背包/P13957_ICPC2023NanjingR_背包/ThreadPoolExecutorDemo.java","tags":{"FILE_LINE_OF_CODE":"37"}}
{"ts":1771035962600,"action":"FILE_CLOSED","file":"/src/动态规划/subject/背包/P13957_ICPC2023NanjingR_背包/ThreadPoolExecutorDemo.java","tags":{"FILE_LINE_OF_CODE":"37"}}
{"ts":1771035965062,"action":"IDE_DEACTIVATED"}
{"ts":1771035966116,"action":"IDE_ACTIVATED"}
{"ts":1771035968553,"action":"IDE_DEACTIVATED"}
{"ts":1771035971749,"action":"IDE_ACTIVATED"}
{"ts":1771035972832,"action":"IDE_DEACTIVATED"}
{"ts":1771036007368,"action":"IDE_ACTIVATED"}
{"ts":1771036009790,"action":"IDE_DEACTIVATED"}
{"ts":1771036011535,"action":"IDE_ACTIVATED"}
{"ts":1771036011850,"action":"IDE_DEACTIVATED"}
{"ts":1771036035521,"action":"IDE_ACTIVATED"}
{"ts":1771036040839,"action":"IDE_DEACTIVATED"}
{"ts":1771036042070,"action":"IDE_ACTIVATED"}
{"ts":1771036042597,"action":"IDE_DEACTIVATED"}
{"ts":1771036219263,"action":"IDE_ACTIVATED"}
{"ts":1771036220650,"action":"IDE_DEACTIVATED"}
{"ts":1771036596015,"action":"IDE_ACTIVATED"}
{"ts":1771036596639,"action":"IDE_DEACTIVATED"}
{"ts":1771038931726,"action":"IDE_ACTIVATED"}
{"ts":1771038932089,"action":"IDE_DEACTIVATED"}
{"ts":1771042474141,"action":"IDE_ACTIVATED"}
{"ts":1771042474620,"action":"IDE_DEACTIVATED"}
{"ts":1771045111945,"action":"IDE_ACTIVATED"}
{"ts":1771045112618,"action":"IDE_DEACTIVATED"}
{"ts":1771046381578,"action":"IDE_ACTIVATED"}
{"ts":1771046382042,"action":"IDE_DEACTIVATED"}
{"ts":1771049454409,"action":"IDE_ACTIVATED"}
{"ts":1771049458005,"action":"PROJECT_CLOSED","tags":{"PROJECT_NAME":"Algorithm"}}
{"ts":1771566722578,"action":"IDE_ACTIVATED"}
{"ts":1771566725796,"action":"IDE_DEACTIVATED"}
{"ts":1771566727132,"action":"PROJECT_OPENED","tags":{"PROJECT_NAME":"Algorithm"}}
{"ts":1771566737606,"action":"IDE_ACTIVATED"}
{"ts":1771566836068,"action":"PROJECT_CLOSED","tags":{"PROJECT_NAME":"Algorithm"}}
{"ts":1771691434737,"action":"PROJECT_OPENED","tags":{"PROJECT_NAME":"Algorithm"}}
{"ts":1771691453594,"action":"IDE_ACTIVATED"}
{"ts":1771691454622,"action":"IDE_DEACTIVATED"}
{"ts":1771691462790,"action":"IDE_ACTIVATED"}
{"ts":1771691490549,"action":"FILE_OPENED","file":"/src/基础算法和其他/位运算/LeetCode868_二进制间距/Main.java","tags":{"FILE_LINE_OF_CODE":"5"}}
{"ts":1771691513744,"action":"IDE_DEACTIVATED"}
{"ts":1771691514946,"action":"IDE_ACTIVATED"}
{"ts":1771691518350,"action":"IDE_DEACTIVATED"}
{"ts":1771691548124,"action":"IDE_ACTIVATED"}
{"ts":1771691549737,"action":"IDE_DEACTIVATED"}
{"ts":1771691908162,"action":"IDE_ACTIVATED"}
{"ts":1771691977171,"action":"IDE_DEACTIVATED"}
{"ts":1771692003305,"action":"IDE_ACTIVATED"}
{"ts":1771692005750,"action":"IDE_DEACTIVATED"}
{"ts":1771692008435,"action":"IDE_ACTIVATED"}
{"ts":1771692013042,"action":"IDE_DEACTIVATED"}
{"ts":1771692026822,"action":"IDE_ACTIVATED"}
{"ts":1771692027937,"action":"IDE_DEACTIVATED"}
{"ts":1771692030124,"action":"IDE_ACTIVATED"}
{"ts":1771692048130,"action":"IDE_DEACTIVATED"}
{"ts":1771692048955,"action":"IDE_ACTIVATED"}
{"ts":1771692062817,"action":"IDE_DEACTIVATED"}
{"ts":1771692063300,"action":"IDE_ACTIVATED"}
{"ts":1771692100315,"action":"IDE_DEACTIVATED"}
{"ts":1771692101034,"action":"IDE_ACTIVATED"}
{"ts":1771692101513,"action":"IDE_DEACTIVATED"}
{"ts":1771692109471,"action":"IDE_ACTIVATED"}
{"ts":1771692123975,"action":"IDE_DEACTIVATED"}
{"ts":1771692130354,"action":"IDE_ACTIVATED"}
{"ts":1771692131469,"action":"IDE_DEACTIVATED"}
{"ts":1771692135409,"action":"IDE_ACTIVATED"}
{"ts":1771692164751,"action":"IDE_DEACTIVATED"}
{"ts":1771692170098,"action":"IDE_ACTIVATED"}
{"ts":1771692192947,"action":"IDE_DEACTIVATED"}
{"ts":1771692194238,"action":"IDE_ACTIVATED"}
{"ts":1771692267752,"action":"IDE_DEACTIVATED"}
{"ts":1771692268476,"action":"IDE_ACTIVATED"}
{"ts":1771692268895,"action":"IDE_DEACTIVATED"}
{"ts":1771692277211,"action":"IDE_ACTIVATED"}
{"ts":1771692277782,"action":"IDE_DEACTIVATED"}
{"ts":1771692300890,"action":"IDE_ACTIVATED"}
{"ts":1771692319221,"action":"IDE_DEACTIVATED"}
{"ts":1771692333506,"action":"IDE_ACTIVATED"}
{"ts":1771692346083,"action":"IDE_DEACTIVATED"}
{"ts":1771692356139,"action":"IDE_ACTIVATED"}
{"ts":1771692357980,"action":"IDE_DEACTIVATED"}
{"ts":1771692358594,"action":"IDE_ACTIVATED"}
{"ts":1771692365413,"action":"IDE_DEACTIVATED"}
{"ts":1771692381853,"action":"IDE_ACTIVATED"}
{"ts":1771692390096,"action":"IDE_DEACTIVATED"}
{"ts":1771692392049,"action":"IDE_ACTIVATED"}
{"ts":1771692414422,"action":"IDE_DEACTIVATED"}
{"ts":1771692418223,"action":"IDE_ACTIVATED"}
{"ts":1771692433614,"action":"IDE_DEACTIVATED"}
{"ts":1771692434345,"action":"IDE_ACTIVATED"}
{"ts":1771692436743,"action":"IDE_DEACTIVATED"}
{"ts":1771692449244,"action":"IDE_ACTIVATED"}
{"ts":1771692451855,"action":"IDE_DEACTIVATED"}
{"ts":1771692457445,"action":"IDE_ACTIVATED"}
{"ts":1771692458101,"action":"IDE_DEACTIVATED"}
{"ts":1771692517463,"action":"IDE_ACTIVATED"}
{"ts":1771692544979,"action":"FILE_CLOSED","file":"/src/基础算法和其他/位运算/LeetCode868_二进制间距/Main.java","tags":{"FILE_LINE_OF_CODE":"50"}}
{"ts":1771692544979,"action":"FILE_OPENED","file":"/src/基础算法和其他/双指针/template/LeetCode11_盛水最多的容器/Main.java","tags":{"FILE_LINE_OF_CODE":"5"}}
{"ts":1771692546532,"action":"IDE_DEACTIVATED"}
{"ts":1771692549330,"action":"IDE_ACTIVATED"}
{"ts":1771692552257,"action":"IDE_DEACTIVATED"}
{"ts":1771692557028,"action":"IDE_ACTIVATED"}
{"ts":1771692722024,"action":"IDE_DEACTIVATED"}
{"ts":1771692724318,"action":"IDE_ACTIVATED"}
{"ts":1771693211532,"action":"IDE_DEACTIVATED"}
{"ts":1771693251164,"action":"IDE_ACTIVATED"}
{"ts":1771693256730,"action":"IDE_DEACTIVATED"}
{"ts":1771693259041,"action":"IDE_ACTIVATED"}
{"ts":1771693291988,"action":"IDE_DEACTIVATED"}
{"ts":1771693293617,"action":"IDE_ACTIVATED"}
{"ts":1771693299786,"action":"IDE_DEACTIVATED"}
{"ts":1771693301631,"action":"IDE_ACTIVATED"}
{"ts":1771693309752,"action":"IDE_DEACTIVATED"}
{"ts":1771693315650,"action":"IDE_ACTIVATED"}
{"ts":1771693343196,"action":"IDE_DEACTIVATED"}
{"ts":1771693344990,"action":"IDE_ACTIVATED"}
{"ts":1771693419185,"action":"IDE_DEACTIVATED"}
{"ts":1771693420611,"action":"IDE_ACTIVATED"}
{"ts":1771693421098,"action":"IDE_DEACTIVATED"}
{"ts":1771693441731,"action":"IDE_ACTIVATED"}
{"ts":1771693442614,"action":"IDE_DEACTIVATED"}
{"ts":1771693475357,"action":"IDE_ACTIVATED"}
{"ts":1771693475704,"action":"IDE_DEACTIVATED"}
{"ts":1771693484822,"action":"IDE_ACTIVATED"}
{"ts":1771693514953,"action":"IDE_DEACTIVATED"}
{"ts":1771693516472,"action":"IDE_ACTIVATED"}
{"ts":1771693531920,"action":"IDE_DEACTIVATED"}
{"ts":1771693532764,"action":"IDE_ACTIVATED"}
{"ts":1771693543380,"action":"IDE_DEACTIVATED"}
{"ts":1771693544285,"action":"IDE_ACTIVATED"}
{"ts":1771693566993,"action":"IDE_DEACTIVATED"}
{"ts":1771693568212,"action":"IDE_ACTIVATED"}
{"ts":1771693575850,"action":"IDE_DEACTIVATED"}
{"ts":1771693584655,"action":"IDE_ACTIVATED"}
{"ts":1771693595090,"action":"IDE_DEACTIVATED"}
{"ts":1771693598313,"action":"IDE_ACTIVATED"}
{"ts":1771693606204,"action":"IDE_DEACTIVATED"}
{"ts":1771693664565,"action":"IDE_ACTIVATED"}
{"ts":1771693683289,"action":"FILE_CLOSED","file":"/src/基础算法和其他/双指针/template/LeetCode11_盛水最多的容器/Main.java","tags":{"FILE_LINE_OF_CODE":"31"}}
{"ts":1771693683289,"action":"FILE_OPENED","file":"/src/基础算法和其他/双指针/template/LeetCode42_接雨水/Main.java","tags":{"FILE_LINE_OF_CODE":"5"}}
{"ts":1771693685180,"action":"IDE_DEACTIVATED"}
{"ts":1771693687961,"action":"IDE_ACTIVATED"}
{"ts":1771693695261,"action":"IDE_DEACTIVATED"}
{"ts":1771693696194,"action":"IDE_ACTIVATED"}
{"ts":1771693700791,"action":"IDE_DEACTIVATED"}
{"ts":1771693701742,"action":"IDE_ACTIVATED"}
{"ts":1771693703943,"action":"IDE_DEACTIVATED"}
{"ts":1771693705696,"action":"IDE_ACTIVATED"}
{"ts":1771693707126,"action":"IDE_DEACTIVATED"}
{"ts":1771693708675,"action":"IDE_ACTIVATED"}
{"ts":1771693717802,"action":"IDE_DEACTIVATED"}
{"ts":1771693719753,"action":"IDE_ACTIVATED"}
{"ts":1771693757662,"action":"IDE_DEACTIVATED"}
{"ts":1771693760250,"action":"IDE_ACTIVATED"}
{"ts":1771693777502,"action":"IDE_DEACTIVATED"}
{"ts":1771693779404,"action":"IDE_ACTIVATED"}
{"ts":1771693788265,"action":"IDE_DEACTIVATED"}
{"ts":1771693792054,"action":"IDE_ACTIVATED"}
{"ts":1771693796624,"action":"IDE_DEACTIVATED"}
{"ts":1771693797729,"action":"IDE_ACTIVATED"}
{"ts":1771693811047,"action":"IDE_DEACTIVATED"}
{"ts":1771693812196,"action":"IDE_ACTIVATED"}
{"ts":1771693839042,"action":"IDE_DEACTIVATED"}
{"ts":1771693852602,"action":"IDE_ACTIVATED"}
{"ts":1771693879136,"action":"IDE_DEACTIVATED"}
{"ts":1771693881472,"action":"IDE_ACTIVATED"}
{"ts":1771693889298,"action":"IDE_DEACTIVATED"}
{"ts":1771693890437,"action":"IDE_ACTIVATED"}
{"ts":1771693894107,"action":"IDE_DEACTIVATED"}
{"ts":1771693896150,"action":"IDE_ACTIVATED"}
{"ts":1771693902871,"action":"IDE_DEACTIVATED"}
{"ts":1771693906548,"action":"IDE_ACTIVATED"}
{"ts":1771693982220,"action":"IDE_DEACTIVATED"}
{"ts":1771693989112,"action":"IDE_ACTIVATED"}
{"ts":1771694001622,"action":"IDE_DEACTIVATED"}
{"ts":1771694002866,"action":"IDE_ACTIVATED"}
{"ts":1771694015269,"action":"IDE_DEACTIVATED"}
{"ts":1771694028580,"action":"IDE_ACTIVATED"}
{"ts":1771694030604,"action":"IDE_DEACTIVATED"}
{"ts":1771694031626,"action":"IDE_ACTIVATED"}
{"ts":1771694205256,"action":"IDE_DEACTIVATED"}
{"ts":1771694216749,"action":"IDE_ACTIVATED"}
{"ts":1771694219296,"action":"IDE_DEACTIVATED"}
{"ts":1771694230903,"action":"IDE_ACTIVATED"}
{"ts":1771694232840,"action":"IDE_DEACTIVATED"}
{"ts":1771694239485,"action":"IDE_ACTIVATED"}
{"ts":1771694242992,"action":"IDE_DEACTIVATED"}
{"ts":1771694262644,"action":"IDE_ACTIVATED"}
{"ts":1771694268860,"action":"IDE_DEACTIVATED"}
{"ts":1771694269832,"action":"IDE_ACTIVATED"}
{"ts":1771694276734,"action":"IDE_DEACTIVATED"}
{"ts":1771694278232,"action":"IDE_ACTIVATED"}
{"ts":1771694281393,"action":"IDE_DEACTIVATED"}
{"ts":1771694283634,"action":"IDE_ACTIVATED"}
{"ts":1771694293367,"action":"IDE_DEACTIVATED"}
{"ts":1771694294277,"action":"IDE_ACTIVATED"}
{"ts":1771694303403,"action":"IDE_DEACTIVATED"}
{"ts":1771694316356,"action":"IDE_ACTIVATED"}
{"ts":1771694328075,"action":"PROJECT_CLOSED","tags":{"PROJECT_NAME":"Algorithm"}}
{"ts":1771726106920,"action":"FILE_OPENED","file":"/src/基础算法和其他/双指针/template/LeetCode42_接雨水/Main.java","tags":{"FILE_LINE_OF_CODE":"73"}}
{"ts":1771726108470,"action":"PROJECT_OPENED","tags":{"PROJECT_NAME":"Algorithm"}}
{"ts":1771726128870,"action":"IDE_DEACTIVATED"}
{"ts":1771727981707,"action":"IDE_ACTIVATED"}
{"ts":1771728036671,"action":"FILE_CLOSED","file":"/src/基础算法和其他/双指针/template/LeetCode42_接雨水/Main.java","tags":{"FILE_LINE_OF_CODE":"73"}}
{"ts":1771728036671,"action":"FILE_OPENED","file":"/src/比赛/LeetCode周赛/第490场周赛/Q1.java","tags":{"FILE_LINE_OF_CODE":"5"}}
{"ts":1771728037946,"action":"IDE_DEACTIVATED"}
{"ts":1771728039444,"action":"IDE_ACTIVATED"}
{"ts":1771728046980,"action":"IDE_DEACTIVATED"}
{"ts":1771728080226,"action":"IDE_ACTIVATED"}
{"ts":1771728083693,"action":"IDE_DEACTIVATED"}
{"ts":1771728111760,"action":"IDE_ACTIVATED"}
{"ts":1771728127834,"action":"IDE_DEACTIVATED"}
{"ts":1771728129737,"action":"IDE_ACTIVATED"}
{"ts":1771728178372,"action":"IDE_DEACTIVATED"}
{"ts":1771728179314,"action":"IDE_ACTIVATED"}
{"ts":1771728181196,"action":"IDE_DEACTIVATED"}
{"ts":1771728183195,"action":"IDE_ACTIVATED"}
{"ts":1771728199086,"action":"IDE_DEACTIVATED"}
{"ts":1771728200404,"action":"IDE_ACTIVATED"}
{"ts":1771728219325,"action":"IDE_DEACTIVATED"}
{"ts":1771728237818,"action":"IDE_ACTIVATED"}
{"ts":1771728249235,"action":"IDE_DEACTIVATED"}
{"ts":1771728254758,"action":"IDE_ACTIVATED"}
{"ts":1771728273349,"action":"IDE_DEACTIVATED"}
{"ts":1771728274045,"action":"IDE_ACTIVATED"}
{"ts":1771728286641,"action":"IDE_DEACTIVATED"}
{"ts":1771728289364,"action":"IDE_ACTIVATED"}
{"ts":1771728307129,"action":"IDE_DEACTIVATED"}
{"ts":1771728308865,"action":"IDE_ACTIVATED"}
{"ts":1771728311411,"action":"IDE_DEACTIVATED"}
{"ts":1771728316231,"action":"IDE_ACTIVATED"}
{"ts":1771728363702,"action":"IDE_DEACTIVATED"}
{"ts":1771728365552,"action":"IDE_ACTIVATED"}
{"ts":1771728370126,"action":"IDE_DEACTIVATED"}
{"ts":1771728376950,"action":"IDE_ACTIVATED"}
{"ts":1771728377407,"action":"IDE_DEACTIVATED"}
{"ts":1771728397197,"action":"IDE_ACTIVATED"}
{"ts":1771728401465,"action":"FILE_CLOSED","file":"/src/比赛/LeetCode周赛/第490场周赛/Q1.java","tags":{"FILE_LINE_OF_CODE":"38"}}
{"ts":1771728401465,"action":"FILE_OPENED","file":"/src/比赛/LeetCode周赛/第490场周赛/Q2.java","tags":{"FILE_LINE_OF_CODE":"5"}}
{"ts":1771728404156,"action":"IDE_DEACTIVATED"}
{"ts":1771728405613,"action":"IDE_ACTIVATED"}
{"ts":1771728415032,"action":"IDE_DEACTIVATED"}
{"ts":1771728438352,"action":"IDE_ACTIVATED"}
{"ts":1771728446398,"action":"IDE_DEACTIVATED"}
{"ts":1771728451898,"action":"IDE_ACTIVATED"}
{"ts":1771728452509,"action":"IDE_DEACTIVATED"}
{"ts":1771728481521,"action":"IDE_ACTIVATED"}
{"ts":1771728495394,"action":"IDE_DEACTIVATED"}
{"ts":1771728498670,"action":"IDE_ACTIVATED"}
{"ts":1771728524782,"action":"IDE_DEACTIVATED"}
{"ts":1771728526273,"action":"IDE_ACTIVATED"}
{"ts":1771728593479,"action":"IDE_DEACTIVATED"}
{"ts":1771728594396,"action":"IDE_ACTIVATED"}
{"ts":1771728595221,"action":"IDE_DEACTIVATED"}
{"ts":1771728595856,"action":"IDE_ACTIVATED"}
{"ts":1771728614829,"action":"IDE_DEACTIVATED"}
{"ts":1771728626997,"action":"IDE_ACTIVATED"}
{"ts":1771728659474,"action":"IDE_DEACTIVATED"}
{"ts":1771728668232,"action":"IDE_ACTIVATED"}
{"ts":1771728670153,"action":"IDE_DEACTIVATED"}
{"ts":1771728689058,"action":"IDE_ACTIVATED"}
{"ts":1771728693229,"action":"IDE_DEACTIVATED"}
{"ts":1771728695863,"action":"IDE_ACTIVATED"}
{"ts":1771728802383,"action":"IDE_DEACTIVATED"}
{"ts":1771728817819,"action":"IDE_ACTIVATED"}
{"ts":1771728823563,"action":"IDE_DEACTIVATED"}
{"ts":1771728838131,"action":"IDE_ACTIVATED"}
{"ts":1771728844252,"action":"IDE_DEACTIVATED"}
{"ts":1771728871395,"action":"IDE_ACTIVATED"}
{"ts":1771728876116,"action":"IDE_DEACTIVATED"}
{"ts":1771728928099,"action":"IDE_ACTIVATED"}
{"ts":1771728932914,"action":"IDE_DEACTIVATED"}
{"ts":1771728935067,"action":"IDE_ACTIVATED"}
{"ts":1771728958849,"action":"IDE_DEACTIVATED"}
{"ts":1771728972282,"action":"IDE_ACTIVATED"}
{"ts":1771728980892,"action":"IDE_DEACTIVATED"}
{"ts":1771728982846,"action":"IDE_ACTIVATED"}
{"ts":1771729000611,"action":"IDE_DEACTIVATED"}
{"ts":1771729001632,"action":"IDE_ACTIVATED"}
{"ts":1771729060972,"action":"IDE_DEACTIVATED"}
{"ts":1771729063663,"action":"IDE_ACTIVATED"}
{"ts":1771729073526,"action":"IDE_DEACTIVATED"}
{"ts":1771729076659,"action":"IDE_ACTIVATED"}
{"ts":1771729132172,"action":"IDE_DEACTIVATED"}
{"ts":1771729133541,"action":"IDE_ACTIVATED"}
{"ts":1771729139124,"action":"FILE_CLOSED","file":"/src/比赛/LeetCode周赛/第490场周赛/Q2.java","tags":{"FILE_LINE_OF_CODE":"39"}}
{"ts":1771729139124,"action":"FILE_OPENED","file":"/src/比赛/LeetCode周赛/第490场周赛/Q1.java","tags":{"FILE_LINE_OF_CODE":"38"}}
{"ts":1771729144729,"action":"FILE_CLOSED","file":"/src/比赛/LeetCode周赛/第490场周赛/Q1.java","tags":{"FILE_LINE_OF_CODE":"38"}}
{"ts":1771729144729,"action":"FILE_OPENED","file":"/src/比赛/LeetCode周赛/第490场周赛/Q2.java","tags":{"FILE_LINE_OF_CODE":"39"}}
{"ts":1771729165204,"action":"IDE_DEACTIVATED"}
{"ts":1771729173689,"action":"IDE_ACTIVATED"}
{"ts":1771729178205,"action":"IDE_DEACTIVATED"}
{"ts":1771729179682,"action":"IDE_ACTIVATED"}
{"ts":1771729192358,"action":"IDE_DEACTIVATED"}
{"ts":1771729193394,"action":"IDE_ACTIVATED"}
{"ts":1771729207952,"action":"IDE_DEACTIVATED"}
{"ts":1771729251235,"action":"IDE_ACTIVATED"}
{"ts":1771729251849,"action":"IDE_DEACTIVATED"}
{"ts":1771729283696,"action":"IDE_ACTIVATED"}
{"ts":1771729308677,"action":"IDE_DEACTIVATED"}
{"ts":1771729310542,"action":"IDE_ACTIVATED"}
{"ts":1771729323404,"action":"IDE_DEACTIVATED"}
{"ts":1771729324675,"action":"IDE_ACTIVATED"}
{"ts":1771729337119,"action":"IDE_DEACTIVATED"}
{"ts":1771729338267,"action":"IDE_ACTIVATED"}
{"ts":1771729350013,"action":"IDE_DEACTIVATED"}
{"ts":1771729354908,"action":"IDE_ACTIVATED"}
{"ts":1771729469227,"action":"IDE_DEACTIVATED"}
{"ts":1771729490892,"action":"IDE_ACTIVATED"}
{"ts":1771729496012,"action":"IDE_DEACTIVATED"}
{"ts":1771729498460,"action":"IDE_ACTIVATED"}
{"ts":1771729615577,"action":"IDE_DEACTIVATED"}
{"ts":1771729617780,"action":"IDE_ACTIVATED"}
{"ts":1771729620937,"action":"IDE_DEACTIVATED"}
{"ts":1771729622483,"action":"IDE_ACTIVATED"}
{"ts":1771729629170,"action":"IDE_DEACTIVATED"}
{"ts":1771729629869,"action":"IDE_ACTIVATED"}
{"ts":1771729682507,"action":"IDE_DEACTIVATED"}
{"ts":1771729687858,"action":"IDE_ACTIVATED"}
{"ts":1771729688559,"action":"IDE_DEACTIVATED"}
{"ts":1771729759942,"action":"IDE_ACTIVATED"}
{"ts":1771729836786,"action":"IDE_DEACTIVATED"}
{"ts":1771729854767,"action":"IDE_ACTIVATED"}
{"ts":1771729904676,"action":"IDE_DEACTIVATED"}
{"ts":1771729906460,"action":"IDE_ACTIVATED"}
{"ts":1771729907045,"action":"IDE_DEACTIVATED"}
{"ts":1771729909358,"action":"IDE_ACTIVATED"}
{"ts":1771729914317,"action":"FILE_CLOSED","file":"/src/比赛/LeetCode周赛/第490场周赛/Q2.java","tags":{"FILE_LINE_OF_CODE":"66"}}
{"ts":1771729914317,"action":"FILE_OPENED","file":"/src/比赛/LeetCode周赛/第490场周赛/Q3.java","tags":{"FILE_LINE_OF_CODE":"5"}}
{"ts":1771729917958,"action":"IDE_DEACTIVATED"}
{"ts":1771729919514,"action":"IDE_ACTIVATED"}
{"ts":1771729935770,"action":"IDE_DEACTIVATED"}
{"ts":1771730000249,"action":"IDE_ACTIVATED"}
{"ts":1771730008767,"action":"IDE_DEACTIVATED"}
{"ts":1771730010680,"action":"IDE_ACTIVATED"}
{"ts":1771730020855,"action":"IDE_DEACTIVATED"}
{"ts":1771730023550,"action":"IDE_ACTIVATED"}
{"ts":1771730159684,"action":"IDE_DEACTIVATED"}
{"ts":1771730162542,"action":"IDE_ACTIVATED"}
{"ts":1771730165297,"action":"IDE_DEACTIVATED"}
{"ts":1771730165898,"action":"IDE_ACTIVATED"}
{"ts":1771730166400,"action":"IDE_DEACTIVATED"}
{"ts":1771730172742,"action":"IDE_ACTIVATED"}
{"ts":1771730185587,"action":"IDE_DEACTIVATED"}
{"ts":1771730187391,"action":"IDE_ACTIVATED"}
{"ts":1771730208590,"action":"IDE_DEACTIVATED"}
{"ts":1771730216376,"action":"IDE_ACTIVATED"}
{"ts":1771730384227,"action":"IDE_DEACTIVATED"}
{"ts":1771730385160,"action":"IDE_ACTIVATED"}
{"ts":1771730390197,"action":"IDE_DEACTIVATED"}
{"ts":1771730390902,"action":"IDE_ACTIVATED"}
{"ts":1771730391216,"action":"IDE_DEACTIVATED"}
{"ts":1771730403665,"action":"IDE_ACTIVATED"}
{"ts":1771730407753,"action":"IDE_DEACTIVATED"}
{"ts":1771730420063,"action":"IDE_ACTIVATED"}
{"ts":1771730423801,"action":"IDE_DEACTIVATED"}
{"ts":1771730424379,"action":"IDE_ACTIVATED"}
{"ts":1771730488826,"action":"IDE_DEACTIVATED"}
{"ts":1771730502158,"action":"IDE_ACTIVATED"}
{"ts":1771730507185,"action":"IDE_DEACTIVATED"}
{"ts":1771730508523,"action":"IDE_ACTIVATED"}
{"ts":1771730542803,"action":"IDE_DEACTIVATED"}
{"ts":1771730550758,"action":"IDE_ACTIVATED"}
{"ts":1771730554378,"action":"IDE_DEACTIVATED"}
{"ts":1771730601499,"action":"IDE_ACTIVATED"}
{"ts":1771730602978,"action":"IDE_DEACTIVATED"}
{"ts":1771730617589,"action":"IDE_ACTIVATED"}
{"ts":1771730657461,"action":"IDE_DEACTIVATED"}
{"ts":1771730659914,"action":"IDE_ACTIVATED"}
{"ts":1771730720478,"action":"IDE_DEACTIVATED"}
{"ts":1771730723485,"action":"IDE_ACTIVATED"}
{"ts":1771730734917,"action":"IDE_DEACTIVATED"}
{"ts":1771730736079,"action":"IDE_ACTIVATED"}
{"ts":1771730785195,"action":"IDE_DEACTIVATED"}
{"ts":1771730794307,"action":"IDE_ACTIVATED"}
{"ts":1771730830891,"action":"IDE_DEACTIVATED"}
{"ts":1771730840043,"action":"IDE_ACTIVATED"}
{"ts":1771730845386,"action":"IDE_DEACTIVATED"}
{"ts":1771730847514,"action":"IDE_ACTIVATED"}
{"ts":1771730848307,"action":"IDE_DEACTIVATED"}
{"ts":1771730863217,"action":"IDE_ACTIVATED"}
{"ts":1771730865187,"action":"IDE_DEACTIVATED"}
{"ts":1771730866317,"action":"IDE_ACTIVATED"}
{"ts":1771730891005,"action":"IDE_DEACTIVATED"}
{"ts":1771730894034,"action":"IDE_ACTIVATED"}
{"ts":1771730900475,"action":"IDE_DEACTIVATED"}
{"ts":1771730901320,"action":"IDE_ACTIVATED"}
{"ts":1771730907621,"action":"IDE_DEACTIVATED"}
{"ts":1771730909683,"action":"IDE_ACTIVATED"}
{"ts":1771730919051,"action":"IDE_DEACTIVATED"}
{"ts":1771730919695,"action":"IDE_ACTIVATED"}
{"ts":1771730920100,"action":"IDE_DEACTIVATED"}
{"ts":1771730935085,"action":"IDE_ACTIVATED"}
{"ts":1771730939815,"action":"FILE_CLOSED","file":"/src/比赛/LeetCode周赛/第490场周赛/Q3.java","tags":{"FILE_LINE_OF_CODE":"58"}}
{"ts":1771730939815,"action":"FILE_OPENED","file":"/src/比赛/LeetCode周赛/第490场周赛/Q4.java","tags":{"FILE_LINE_OF_CODE":"5"}}
{"ts":1771730942125,"action":"IDE_DEACTIVATED"}
{"ts":1771730943391,"action":"IDE_ACTIVATED"}
{"ts":1771730976897,"action":"IDE_DEACTIVATED"}
{"ts":1771731053989,"action":"IDE_ACTIVATED"}
{"ts":1771731054559,"action":"IDE_DEACTIVATED"}
{"ts":1771731079970,"action":"IDE_ACTIVATED"}
{"ts":1771731082349,"action":"IDE_DEACTIVATED"}
{"ts":1771731084310,"action":"IDE_ACTIVATED"}
{"ts":1771731104138,"action":"IDE_DEACTIVATED"}
{"ts":1771731168741,"action":"IDE_ACTIVATED"}
{"ts":1771731172537,"action":"IDE_DEACTIVATED"}
{"ts":1771731175351,"action":"IDE_ACTIVATED"}
{"ts":1771731176489,"action":"IDE_DEACTIVATED"}
{"ts":1771731203435,"action":"IDE_ACTIVATED"}
{"ts":1771731218316,"action":"IDE_DEACTIVATED"}
{"ts":1771731221013,"action":"IDE_ACTIVATED"}
{"ts":1771731308119,"action":"IDE_DEACTIVATED"}
{"ts":1771731311463,"action":"IDE_ACTIVATED"}
{"ts":1771731332481,"action":"IDE_DEACTIVATED"}
{"ts":1771731338296,"action":"IDE_ACTIVATED"}
{"ts":1771731346597,"action":"IDE_DEACTIVATED"}
{"ts":1771731377627,"action":"IDE_ACTIVATED"}
{"ts":1771731378376,"action":"IDE_DEACTIVATED"}
{"ts":1771731402277,"action":"IDE_ACTIVATED"}
{"ts":1771731403699,"action":"IDE_DEACTIVATED"}
{"ts":1771731412620,"action":"IDE_ACTIVATED"}
{"ts":1771731415550,"action":"IDE_DEACTIVATED"}
{"ts":1771731416721,"action":"IDE_ACTIVATED"}
{"ts":1771731421403,"action":"IDE_DEACTIVATED"}
{"ts":1771731422579,"action":"IDE_ACTIVATED"}
{"ts":1771731440838,"action":"IDE_DEACTIVATED"}
{"ts":1771731443746,"action":"IDE_ACTIVATED"}
{"ts":1771731451680,"action":"IDE_DEACTIVATED"}
{"ts":1771731456616,"action":"IDE_ACTIVATED"}
{"ts":1771731476292,"action":"IDE_DEACTIVATED"}
{"ts":1771731477411,"action":"IDE_ACTIVATED"}
{"ts":1771731491287,"action":"IDE_DEACTIVATED"}
{"ts":1771731497137,"action":"IDE_ACTIVATED"}
{"ts":1771731526495,"action":"IDE_DEACTIVATED"}
{"ts":1771731527137,"action":"IDE_ACTIVATED"}
{"ts":1771731554187,"action":"IDE_DEACTIVATED"}
{"ts":1771731556949,"action":"IDE_ACTIVATED"}
{"ts":1771731598221,"action":"IDE_DEACTIVATED"}
{"ts":1771731599306,"action":"IDE_ACTIVATED"}
{"ts":1771731601721,"action":"IDE_DEACTIVATED"}
{"ts":1771731605227,"action":"IDE_ACTIVATED"}
{"ts":1771731680738,"action":"IDE_DEACTIVATED"}
{"ts":1771731687068,"action":"IDE_ACTIVATED"}
{"ts":1771731697077,"action":"IDE_DEACTIVATED"}
{"ts":1771731697762,"action":"IDE_ACTIVATED"}
{"ts":1771731706403,"action":"IDE_DEACTIVATED"}
{"ts":1771731708203,"action":"IDE_ACTIVATED"}
{"ts":1771731724501,"action":"IDE_DEACTIVATED"}
{"ts":1771731725969,"action":"IDE_ACTIVATED"}
{"ts":1771731763594,"action":"IDE_DEACTIVATED"}
{"ts":1771731766772,"action":"IDE_ACTIVATED"}
{"ts":1771731807423,"action":"IDE_DEACTIVATED"}
{"ts":1771731808244,"action":"IDE_ACTIVATED"}
{"ts":1771731817485,"action":"IDE_DEACTIVATED"}
{"ts":1771731818516,"action":"IDE_ACTIVATED"}
{"ts":1771731876214,"action":"IDE_DEACTIVATED"}
{"ts":1771731877522,"action":"IDE_ACTIVATED"}
{"ts":1771731906098,"action":"IDE_DEACTIVATED"}
{"ts":1771731908489,"action":"IDE_ACTIVATED"}
{"ts":1771731913857,"action":"IDE_DEACTIVATED"}
{"ts":1771731915431,"action":"IDE_ACTIVATED"}
{"ts":1771731937829,"action":"IDE_DEACTIVATED"}
{"ts":1771731940038,"action":"IDE_ACTIVATED"}
{"ts":1771731951394,"action":"IDE_DEACTIVATED"}
{"ts":1771731954466,"action":"IDE_ACTIVATED"}
{"ts":1771731995060,"action":"IDE_DEACTIVATED"}
{"ts":1771731995653,"action":"IDE_ACTIVATED"}
{"ts":1771732009335,"action":"IDE_DEACTIVATED"}
{"ts":1771732012334,"action":"IDE_ACTIVATED"}
{"ts":1771732017471,"action":"IDE_DEACTIVATED"}
{"ts":1771732019117,"action":"IDE_ACTIVATED"}
{"ts":1771732056553,"action":"IDE_DEACTIVATED"}
{"ts":1771732062940,"action":"IDE_ACTIVATED"}
{"ts":1771732067455,"action":"IDE_DEACTIVATED"}
{"ts":1771732070283,"action":"IDE_ACTIVATED"}
{"ts":1771732070904,"action":"IDE_DEACTIVATED"}
{"ts":1771732074765,"action":"IDE_ACTIVATED"}
{"ts":1771732090698,"action":"IDE_DEACTIVATED"}
{"ts":1771732102256,"action":"IDE_ACTIVATED"}
{"ts":1771732104724,"action":"IDE_DEACTIVATED"}
{"ts":1771732106203,"action":"IDE_ACTIVATED"}
{"ts":1771732206817,"action":"IDE_DEACTIVATED"}
{"ts":1771732223386,"action":"IDE_ACTIVATED"}
{"ts":1771732227906,"action":"IDE_DEACTIVATED"}
{"ts":1771732281212,"action":"IDE_ACTIVATED"}
{"ts":1771732286750,"action":"IDE_DEACTIVATED"}
{"ts":1771732287547,"action":"IDE_ACTIVATED"}
{"ts":1771732288502,"action":"IDE_DEACTIVATED"}
{"ts":1771732294510,"action":"IDE_ACTIVATED"}
{"ts":1771732305594,"action":"IDE_DEACTIVATED"}
{"ts":1771732308838,"action":"IDE_ACTIVATED"}
{"ts":1771732311895,"action":"IDE_DEACTIVATED"}
{"ts":1771732312749,"action":"IDE_ACTIVATED"}
{"ts":1771732319031,"action":"IDE_DEACTIVATED"}
{"ts":1771732320226,"action":"IDE_ACTIVATED"}
{"ts":1771732329227,"action":"IDE_DEACTIVATED"}
{"ts":1771732335871,"action":"IDE_ACTIVATED"}
{"ts":1771732340492,"action":"IDE_DEACTIVATED"}
{"ts":1771732341399,"action":"IDE_ACTIVATED"}
{"ts":1771732353298,"action":"IDE_DEACTIVATED"}
{"ts":1771732359990,"action":"IDE_ACTIVATED"}
{"ts":1771732360755,"action":"IDE_DEACTIVATED"}
{"ts":1771732361895,"action":"IDE_ACTIVATED"}
{"ts":1771732367136,"action":"IDE_DEACTIVATED"}
{"ts":1771732367708,"action":"IDE_ACTIVATED"}
{"ts":1771732367979,"action":"IDE_DEACTIVATED"}
{"ts":1771732399691,"action":"IDE_ACTIVATED"}
{"ts":1771732401551,"action":"IDE_DEACTIVATED"}
{"ts":1771732451741,"action":"IDE_ACTIVATED"}
{"ts":1771732454143,"action":"FILE_CLOSED","file":"/src/比赛/LeetCode周赛/第490场周赛/Q4.java","tags":{"FILE_LINE_OF_CODE":"90"}}
{"ts":1771732454143,"action":"FILE_OPENED","file":"/src/比赛/LeetCode周赛/第490场周赛/Q1.java","tags":{"FILE_LINE_OF_CODE":"38"}}
{"ts":1771732460361,"action":"IDE_DEACTIVATED"}
{"ts":1771732601029,"action":"IDE_ACTIVATED"}
{"ts":1771732603151,"action":"FILE_CLOSED","file":"/src/比赛/LeetCode周赛/第490场周赛/Q1.java","tags":{"FILE_LINE_OF_CODE":"38"}}
{"ts":1771732603151,"action":"FILE_OPENED","file":"/src/比赛/LeetCode周赛/第490场周赛/Q2.java","tags":{"FILE_LINE_OF_CODE":"66"}}
{"ts":1771732611383,"action":"IDE_DEACTIVATED"}
{"ts":1771732704328,"action":"IDE_ACTIVATED"}
{"ts":1771732705877,"action":"FILE_CLOSED","file":"/src/比赛/LeetCode周赛/第490场周赛/Q2.java","tags":{"FILE_LINE_OF_CODE":"66"}}
{"ts":1771732705877,"action":"FILE_OPENED","file":"/src/比赛/LeetCode周赛/第490场周赛/Q3.java","tags":{"FILE_LINE_OF_CODE":"58"}}
{"ts":1771732711807,"action":"IDE_DEACTIVATED"}
{"ts":1771732773706,"action":"IDE_ACTIVATED"}
{"ts":1771732774934,"action":"FILE_CLOSED","file":"/src/比赛/LeetCode周赛/第490场周赛/Q3.java","tags":{"FILE_LINE_OF_CODE":"58"}}
{"ts":1771732774934,"action":"FILE_OPENED","file":"/src/比赛/LeetCode周赛/第490场周赛/Q4.java","tags":{"FILE_LINE_OF_CODE":"90"}}
{"ts":1771732785036,"action":"IDE_DEACTIVATED"}
{"ts":1771737938155,"action":"IDE_ACTIVATED"}
{"ts":1771737939782,"action":"FILE_CLOSED","file":"/src/比赛/LeetCode周赛/第490场周赛/Q4.java","tags":{"FILE_LINE_OF_CODE":"90"}}
{"ts":1771737939782,"action":"FILE_OPENED","file":"/src/Test.java","tags":{"FILE_LINE_OF_CODE":"31"}}
{"ts":1771737979557,"action":"PROJECT_CLOSED","tags":{"PROJECT_NAME":"Algorithm"}}
{"ts":1771868348395,"action":"FILE_OPENED","file":"/src/Test.java","tags":{"FILE_LINE_OF_CODE":"31"}}
{"ts":1771868349570,"action":"PROJECT_OPENED","tags":{"PROJECT_NAME":"Algorithm"}}
{"ts":1771868351272,"action":"IDE_DEACTIVATED"}
{"ts":1771868353397,"action":"IDE_ACTIVATED"}
{"ts":1771868380101,"action":"FILE_CLOSED","file":"/src/Test.java","tags":{"FILE_LINE_OF_CODE":"31"}}
{"ts":1771868380101,"action":"FILE_OPENED","file":"/src/基础算法和其他/双指针/subject/LeetCode15_三数之和/Main.java","tags":{"FILE_LINE_OF_CODE":"5"}}
{"ts":1771868384306,"action":"IDE_DEACTIVATED"}
{"ts":1771868384781,"action":"IDE_ACTIVATED"}
{"ts":1771868397977,"action":"IDE_DEACTIVATED"}
{"ts":1771868398718,"action":"IDE_ACTIVATED"}
{"ts":1771868399186,"action":"IDE_DEACTIVATED"}
{"ts":1771868399724,"action":"IDE_ACTIVATED"}
{"ts":1771868401552,"action":"IDE_DEACTIVATED"}
{"ts":1771868404522,"action":"IDE_ACTIVATED"}
{"ts":1771868408924,"action":"IDE_DEACTIVATED"}
{"ts":1771868412357,"action":"IDE_ACTIVATED"}
{"ts":1771868418456,"action":"IDE_DEACTIVATED"}
{"ts":1771868457398,"action":"IDE_ACTIVATED"}
{"ts":1771868468542,"action":"IDE_DEACTIVATED"}
{"ts":1771868477640,"action":"IDE_ACTIVATED"}
{"ts":1771868530386,"action":"IDE_DEACTIVATED"}
{"ts":1771868534675,"action":"IDE_ACTIVATED"}
{"ts":1771868537513,"action":"IDE_DEACTIVATED"}
{"ts":1771868538856,"action":"IDE_ACTIVATED"}
{"ts":1771868554262,"action":"IDE_DEACTIVATED"}
{"ts":1771868555666,"action":"IDE_ACTIVATED"}
{"ts":1771868580322,"action":"IDE_DEACTIVATED"}
{"ts":1771868581640,"action":"IDE_ACTIVATED"}
{"ts":1771868586701,"action":"IDE_DEACTIVATED"}
{"ts":1771868593833,"action":"IDE_ACTIVATED"}
{"ts":1771868612874,"action":"IDE_DEACTIVATED"}
{"ts":1771868622928,"action":"IDE_ACTIVATED"}
{"ts":1771868626418,"action":"IDE_DEACTIVATED"}
{"ts":1771868634554,"action":"IDE_ACTIVATED"}
{"ts":1771868643631,"action":"IDE_DEACTIVATED"}
{"ts":1771868649648,"action":"IDE_ACTIVATED"}
{"ts":1771868654613,"action":"IDE_DEACTIVATED"}
{"ts":1771868656279,"action":"IDE_ACTIVATED"}
{"ts":1771868733355,"action":"IDE_DEACTIVATED"}
{"ts":1771868734079,"action":"IDE_ACTIVATED"}
{"ts":1771868739521,"action":"IDE_DEACTIVATED"}
{"ts":1771868744344,"action":"IDE_ACTIVATED"}
{"ts":1771868835256,"action":"IDE_DEACTIVATED"}
{"ts":1771868837413,"action":"IDE_ACTIVATED"}
{"ts":1771868844623,"action":"IDE_DEACTIVATED"}
{"ts":1771868859297,"action":"IDE_ACTIVATED"}
{"ts":1771868862293,"action":"IDE_DEACTIVATED"}
{"ts":1771868880015,"action":"IDE_ACTIVATED"}
{"ts":1771868884745,"action":"IDE_DEACTIVATED"}
{"ts":1771868974122,"action":"IDE_ACTIVATED"}
{"ts":1771868977538,"action":"IDE_DEACTIVATED"}
{"ts":1771868978774,"action":"IDE_ACTIVATED"}
{"ts":1771868979194,"action":"IDE_DEACTIVATED"}
{"ts":1771868996641,"action":"IDE_ACTIVATED"}
{"ts":1771868998173,"action":"IDE_DEACTIVATED"}
{"ts":1771869001661,"action":"IDE_ACTIVATED"}
{"ts":1771869006310,"action":"IDE_DEACTIVATED"}
{"ts":1771869007119,"action":"IDE_ACTIVATED"}
{"ts":1771869008079,"action":"IDE_DEACTIVATED"}
{"ts":1771869009500,"action":"IDE_ACTIVATED"}
{"ts":1771869011946,"action":"IDE_DEACTIVATED"}
{"ts":1771869012696,"action":"IDE_ACTIVATED"}
{"ts":1771869013716,"action":"IDE_DEACTIVATED"}
{"ts":1771869014662,"action":"IDE_ACTIVATED"}
{"ts":1771869016137,"action":"IDE_DEACTIVATED"}
{"ts":1771869018545,"action":"IDE_ACTIVATED"}
{"ts":1771869020676,"action":"IDE_DEACTIVATED"}
{"ts":1771869022260,"action":"IDE_ACTIVATED"}
{"ts":1771869023609,"action":"IDE_DEACTIVATED"}
{"ts":1771869024315,"action":"IDE_ACTIVATED"}
{"ts":1771869025658,"action":"IDE_DEACTIVATED"}
{"ts":1771869026699,"action":"IDE_ACTIVATED"}
{"ts":1771869027371,"action":"IDE_DEACTIVATED"}
{"ts":1771869028843,"action":"IDE_ACTIVATED"}
{"ts":1771869029912,"action":"IDE_DEACTIVATED"}
{"ts":1771869035249,"action":"IDE_ACTIVATED"}
{"ts":1771869050818,"action":"IDE_DEACTIVATED"}
{"ts":1771869051269,"action":"IDE_ACTIVATED"}
{"ts":1771869057931,"action":"IDE_DEACTIVATED"}
{"ts":1771869060599,"action":"IDE_ACTIVATED"}
{"ts":1771869066147,"action":"IDE_DEACTIVATED"}
{"ts":1771869083992,"action":"IDE_ACTIVATED"}
{"ts":1771869097304,"action":"IDE_DEACTIVATED"}
{"ts":1771869112419,"action":"IDE_ACTIVATED"}
{"ts":1771869115482,"action":"IDE_DEACTIVATED"}
{"ts":1771869128867,"action":"IDE_ACTIVATED"}
{"ts":1771869147892,"action":"FILE_CLOSED","file":"/src/基础算法和其他/双指针/subject/LeetCode15_三数之和/Main.java","tags":{"FILE_LINE_OF_CODE":"45"}}
{"ts":1771869147892,"action":"FILE_OPENED","file":"/src/搜索/DFS/Leetcode207_课程表/Solutions.java","tags":{"FILE_LINE_OF_CODE":"69"}}
{"ts":1771869161818,"action":"IDE_DEACTIVATED"}
{"ts":1771869165562,"action":"IDE_ACTIVATED"}
{"ts":1771869171035,"action":"FILE_CLOSED","file":"/src/搜索/DFS/subject/Leetcode207_课程表/Solutions.java","tags":{"FILE_LINE_OF_CODE":"69"}}
{"ts":1771869171035,"action":"FILE_OPENED","file":"/src/搜索/DFS/subject/LeetCode1022_从根到叶的二进制数之和/Main.java","tags":{"FILE_LINE_OF_CODE":"5"}}
{"ts":1771869172589,"action":"IDE_DEACTIVATED"}
{"ts":1771869174854,"action":"IDE_ACTIVATED"}
{"ts":1771869207625,"action":"IDE_DEACTIVATED"}
{"ts":1771869218030,"action":"IDE_ACTIVATED"}
{"ts":1771869219098,"action":"IDE_DEACTIVATED"}
{"ts":1771869234308,"action":"IDE_ACTIVATED"}
{"ts":1771869263589,"action":"IDE_DEACTIVATED"}
{"ts":1771869267372,"action":"IDE_ACTIVATED"}
{"ts":1771869269947,"action":"IDE_DEACTIVATED"}
{"ts":1771869272853,"action":"IDE_ACTIVATED"}
{"ts":1771869300335,"action":"IDE_DEACTIVATED"}
{"ts":1771869302787,"action":"IDE_ACTIVATED"}
{"ts":1771869303610,"action":"IDE_DEACTIVATED"}
{"ts":1771869304357,"action":"IDE_ACTIVATED"}
{"ts":1771869309313,"action":"IDE_DEACTIVATED"}
{"ts":1771869309941,"action":"IDE_ACTIVATED"}
{"ts":1771869312905,"action":"IDE_DEACTIVATED"}
{"ts":1771869315048,"action":"IDE_ACTIVATED"}
{"ts":1771869316275,"action":"IDE_DEACTIVATED"}
{"ts":1771869316671,"action":"IDE_ACTIVATED"}
{"ts":1771869330681,"action":"IDE_DEACTIVATED"}
{"ts":1771869331433,"action":"IDE_ACTIVATED"}
{"ts":1771869336254,"action":"IDE_DEACTIVATED"}
{"ts":1771869336948,"action":"IDE_ACTIVATED"}
{"ts":1771869345772,"action":"IDE_DEACTIVATED"}
{"ts":1771869346982,"action":"IDE_ACTIVATED"}
{"ts":1771869361274,"action":"IDE_DEACTIVATED"}
{"ts":1771869362962,"action":"IDE_ACTIVATED"}
{"ts":1771869378670,"action":"IDE_DEACTIVATED"}
{"ts":1771869379005,"action":"IDE_ACTIVATED"}
{"ts":1771869394294,"action":"IDE_DEACTIVATED"}
{"ts":1771869395381,"action":"IDE_ACTIVATED"}
{"ts":1771869399545,"action":"IDE_DEACTIVATED"}
{"ts":1771869400847,"action":"IDE_ACTIVATED"}
{"ts":1771869402766,"action":"IDE_DEACTIVATED"}
{"ts":1771869406517,"action":"IDE_ACTIVATED"}
{"ts":1771869407011,"action":"IDE_DEACTIVATED"}
{"ts":1771869623612,"action":"IDE_ACTIVATED"}
{"ts":1771869626372,"action":"PROJECT_CLOSED","tags":{"PROJECT_NAME":"Algorithm"}}
